bag_number,date_collected,depth,act_depth,species,colony_number,site,colony_id,RI_status,NOTES,airbrush_date,airbrush_volume,airbrush_initials,aliquot_date,aliquot_initials,chl_box,host_PTAC_box,sym_PTAC_box,sym_density_box,ash_bag,skeleton_dry_date,skeleton_dry_initials,,,,,,
141,18-Aug,15,23,AAGA,1,Media Luna,15AA1ML,Y,,7/6/23,24.5,HLE,7/6/23,HLE,,,,,,,,,,,,,
143,18-Aug,15,21,AAGA,2,Media Luna,15AA2ML,Y,,7/7/23,20.0,HLE,7/7/23,HLE,,,,,,,,,,,,,
147,18-Aug,15,22,AAGA,3,Media Luna,15AA3ML,Y,,7/6/23,17.0,HLE,7/6/23,HLE,,,,,,,,,,,,,
151,18-Aug,15,20,AAGA,4,Media Luna,15AA4ML,Y,,7/6/23,16.5,HLE,7/6/23,HLE,,,,,,,,,,,,,
152,18-Aug,15,20,AAGA,5,Media Luna,15AA5ML,Y,,7/6/23,21.0,HLE,7/6/23,HLE,,,,,,,,,,,,,
320,8/23/21,30,31,AAGA,1,Media Luna,30AA1ML,Y,,7/6/23,26.0,HLE,7/6/23,HLE,,,,,,,,,,,,,
211,8/23/21,30,34,AAGA,2,Media Luna,30AA2ML,Y,,7/6/23,33.0,HLE,7/6/23,HLE,,,,,,,,,,,,,
216,8/23/21,30,30,AAGA,3,Media Luna,30AA3ML,Y,,7/7/23,27.0,HLE,7/7/23,HLE,,,,,,,,,,,,,
323,8/23/21,30,33,AAGA,4,Media Luna,30AA4ML,Y,,7/7/23,19.5,HLE,7/7/23,HLE,,,,,,,,,,,,,
325,8/23/21,30,30,AAGA,5,Media Luna,30AA5ML,Y,,7/7/23,27.0,HLE,7/7/23,HLE,,,,,,,,,,,,,
337,8/23/21,45,45,AAGA,1,Media Luna,45AA1ML,Y,,7/7/23,23.0,HLE,7/7/23,HLE,,,,,,,,,,,,,
342,8/23/21,45,45,AAGA,2,Media Luna,45AA2ML,Y,,7/6/23,23.5,HLE,7/6/23,HLE,,,,,,,,,,,,,
348,8/23/21,45,46,AAGA,3,Media Luna,45AA3ML,Y,,7/6/23,32.0,HLE,7/6/23,HLE,,,,,,,,,,,,,
355,8/23/21,45,48,AAGA,4,Media Luna,45AA4ML,Y,,7/6/23,23.0,HLE,7/6/23,HLE,,,,,,,,,,,,,
361,8/24/21,45,40,AAGA,5,Media Luna,45AA5ML,Y,,7/7/23,40.0,HLE,7/7/23,HLE,,,,,,,,,,,,,
160,18-Aug,55,54,AAGA,1,Media Luna,55AA1ML,Y,,7/7/23,29.5,HLE,7/7/23,HLE,,,,,,,,,,,,,
163,18-Aug,55,57,AAGA,2,Media Luna,55AA2ML,Y,,7/7/23,10.5,HLE,7/7/23,HLE,,,,,,,,,,,,,
171,18-Aug,55,50,AAGA,3,Media Luna,55AA3ML,Y,,7/6/23,23.0,HLE,7/6/23,HLE,,,,,,,,,,,,,
173,8/19/21,55,56,AAGA,4,Media Luna,55AA4ML,Y,,7/6/23,24.0,HLE,7/6/23,HLE,,,,,,,,,,,,,
175,8/19/21,55,64,AAGA,5,Media Luna,55AA5ML,Y,,7/6/23,19.5,HLE,7/6/23,HLE,,,,,,,,,,,,,
5,8/6/21,15,15,AAGA,1,Turrumote,15AA1AT,Y,,7/11/23,11.0,HLE,7/11/23,HLE,,,,,,,,,,,,,
5,8/6/21,15,15,AAGA,1,Turrumote,15AA1BT,Y,,7/11/23,10.0,HLE,7/11/23,HLE,,,,,,,,,,,,,
7,8/6/21,15,15,AAGA,2,Turrumote,15AA2AT,Y,,7/11/23,13.0,HLE,7/11/23,HLE,,,,,,,,,,,,,
7,8/6/21,15,15,AAGA,2,Turrumote,15AA2BT,Y,,7/11/23,12.0,HLE,7/11/23,HLE,,,,,,,,,,,,,
263,8/20/21,15,16,AAGA,3,Turrumote,15AA3T,Y,,7/11/23,33.5,HLE,7/11/23,HLE,,,,,,,,,,,,,
265,8/20/21,15,16,AAGA,4,Turrumote,15AA4T,Y,,7/12/23,13.0,HLE,7/12/23,HLE,,,,,,,,,,,,,
268,8/20/21,15,15,AAGA,5,Turrumote,15AA5T,Y,,7/10/23,39.0,HLE,7/10/23,HLE,,,,,,,,,,,,,
92/ PAN 82,8/12/21,30,31,AAGA,1,Turrumote,30AA1T,Y,,7/13/23,12.0,HLE,7/13/23,HLE,,,,,,,,,,,,,
100/ PAN 90,8/12/21,30,29,AAGA,2,Turrumote,30AA2T,Y,,7/11/23,23.0,HLE,7/11/23,HLE,,,,,,,,,,,,,
115,8/17/21,30,30,AAGA,3,Turrumote,30AA3T,Y,,7/13/23,16.0,HLE,7/13/23,HLE,,,,,,,,,,,,,
120,8/17/21,30,30,AAGA,4,Turrumote,30AA4T,Y,,7/11/23,33.0,HLE,7/11/23,HLE,,,,,,,,,,,,,
121,8/17/21,30,30,AAGA,5,Turrumote,30AA5T,Y,,7/12/23,15.0,HLE,7/12/23,HLE,,,,,,,,,,,,,
25,8/10/21,45,47,AAGA,1,Turrumote,45AA1T,Y,,7/10/23,30.0,HLE,7/10/23,HLE,,,,,,,,,,,,,
26,8/10/21,45,46,AAGA,2,Turrumote,45AA2T,Y,,7/10/23,33.0,HLE,7/10/23,HLE,,,,,,,,,,,,,
28,8/10/21,45,46,AAGA,3,Turrumote,45AA3T,Y,,7/12/23,25.0,HLE,7/12/23,HLE,,,,,,,,,,,,,
30,8/10/21,45,47,AAGA,4,Turrumote,45AA4T,Y,,7/12/23,22.0,HLE,7/12/23,HLE,,,,,,,,,,,,,
34,8/10/21,45,45,AAGA,5,Turrumote,45AA5T,Y,,7/12/23,17.0,HLE,7/12/23,HLE,,,,,,,,,,,,,
55,8/12/21,55,54,AAGA,1,Turrumote,55AA1T,Y,,7/11/23,13.0,HLE,7/11/23,HLE,,,,,,,,,,,,,
59,8/12/21,55,56,AAGA,2,Turrumote,55AA2T,Y,,7/12/23,14.0,HLE,7/12/23,HLE,,,,,,,,,,,,,
62,8/12/21,55,54,AAGA,3,Turrumote,55AA3T,Y,,7/12/23,17.0,HLE,7/12/23,HLE,,,,,,,,,,,,,
65,8/12/21,55,56,AAGA,4,Turrumote,55AA4T,Y,,7/12/23,14.0,HLE,7/12/23,HLE,,,,,,,,,,,,,
69,8/12/21,55,54,AAGA,5,Turrumote,55AA5T,Y,,7/10/23,20.0,HLE,7/10/23,HLE,,,,,,,,,,,,,
134,18-Aug,15,13,CNAT,1,Media Luna,15CN1ML,Y,,6/30/23,26.0,HLE,6/30/23,HLE,,,,,,,,,,,,,
154,18-Aug,15,24,CNAT,2,Media Luna,15CN2ML,Y,,6/30/23,17.0,HLE,6/30/23,HLE,,,,,,,,,,,,,
157,18-Aug,15,24,CNAT,3,Media Luna,15CN3ML,Y,,6/30/23,20.0,HLE,6/30/23,HLE,,,,,,,,,,,,,
306,8/23/21,15,23,CNAT,4,Media Luna,15CN4ML,Y,,6/30/23,30.0,HLE,6/30/23,HLE,,,,,,,,,,,,,
309,8/23/21,15,24,CNAT,5,Media Luna,15CN5ML,Y,,6/30/23,33.0,HLE,6/30/23,HLE,,,,,,,,,,,,,
158,18-Aug,30,28,CNAT,1,Media Luna,30CN1ML,Y,,6/30/23,15.0,HLE,6/30/23,HLE,,,,,,,,,,,,,
159,18-Aug,30,29,CNAT,2,Media Luna,30CN2ML,Y,,7/5/23,15.0,HLE,7/5/23,HLE,,,,,,,,,,,,,
327,8/23/21,30,32,CNAT,3,Media Luna,30CN3ML,Y,,6/30/23,40.0,HLE,6/30/23,HLE,,,,,,,,,,,,,
212,8/23/21,30,34,CNAT,4,Media Luna,30CN4ML,Y,,7/6/23,15.0,HLE,7/6/23,HLE,,,,,,,,,,,,,
218,8/23/21,30,31,CNAT,5,Media Luna,30CN5ML,Y,,6/30/23,37.0,HLE,6/30/23,HLE,,,,,,,,,,,,,
335,8/23/21,45,48,CNAT,1,Media Luna,45CN1ML,Y,,6/30/23,24.5,HLE,6/30/23,HLE,,,,,,,,,,,,,
344,8/23/21,45,47,CNAT,2,Media Luna,45CN2ML,Y,,6/30/23,27.0,HLE,6/30/23,HLE,,,,,,,,,,,,,
352,8/23/21,45,47,CNAT,3,Media Luna,45CN3ML,Y,,7/5/23,13.0,HLE,7/5/23,HLE,,,,,,,,,,,,,
362,8/24/21,45,40,CNAT,4,Media Luna,45CN4ML,Y,,6/30/23,32.0,HLE,6/30/23,HLE,,,,,,,,,,,,,
367,8/24/21,45,45,CNAT,5,Media Luna,45CN5ML,Y,,7/6/23,17.0,HLE,7/6/23,HLE,,,,,,,,,,,,,
183,8/19/21,55,58,CNAT,1,Media Luna,55CN1ML,Y,,7/7/23,22.0,HLE,7/7/23,HLE,,,,,,,,,,,,,
185,8/19/21,55,61,CNAT,2,Media Luna,55CN2ML,Y,,7/5/23,13.0,HLE,7/5/23,HLE,,,,,,,,,,,,,
188,8/19/21,55,60,CNAT,3,Media Luna,55CN3ML,Y,,7/7/23,13.0,HLE,7/7/23,HLE,,,,,,,,,,,,,
191,8/19/21,55,55,CNAT,4,Media Luna,55CN4ML,Y,,7/7/23,21.5,HLE,7/7/23,HLE,,,,,,,,,,,,,
192,8/19/21,55,63,CNAT,5,Media Luna,55CN5ML,Y,,6/30/23,35.0,HLE,6/30/23,HLE,,,,,,,,,,,,,
10,8/6/21,15,15,CNAT,1,Turrumote,15CN1AT,Y,,6/29/23,16.0,HLE,6/29/23,HLE,,,,,,,,,,,,,
10,8/6/21,15,15,CNAT,1,Turrumote,15CN1BT,Y,,6/29/23,17.0,HLE,6/29/23,HLE,,,,,,,,,,,,,
201,8/20/21,15,15,CNAT,2,Turrumote,15CN2T,Y,,6/20/23,17.0,HLE,6/20/23,HLE,,,,,,,,,,,,,
208,8/20/21,15,16,CNAT,3,Turrumote,15CN3T,Y,,6/29/23,12.0,HLE,6/29/23,HLE,,,,,,,,,,,,,
269,8/20/21,15,15,CNAT,4,Turrumote,15CN4T,Y,,6/28/23,16.0,HLE,6/28/23,HLE,,,,,,,,,,,,,
272,8/20/21,15,22,CNAT,5,Turrumote,15CN5T,Y,,6/20/23,24.0,HLE,6/20/23,HLE,,,,,,,,,,,,,
94/ PAN 84,8/12/21,30,31,CNAT,1,Turrumote,30CN1T,Y,,6/20/23,36.0,HLE,6/20/23,HLE,,,,,,,,,,,,,
99/ PAN 89,8/12/21,30,30,CNAT,2,Turrumote,30CN2T,Y,,6/28/23,22.0,HLE,6/28/23,HLE,,,,,,,,,,,,,
101/ PAN 91,8/12/21,30,30,CNAT,3,Turrumote,30CN3T,Y,,6/19/23,20.0,HLE,6/19/23,HLE,,,,,,,,,,,,,
111,8/17/21,30,30,CNAT,4,Turrumote,30CN4T,Y,,6/20/23,16.0,HLE,6/20/23,HLE,,,,,,,,,,,,,
114,8/17/21,30,30,CNAT,5,Turrumote,30CN5T,Y,,6/19/23,23.0,HLE,6/19/23,HLE,,,,,,,,,,,,,
18,8/10/21,45,45,CNAT,1,Turrumote,45CN1T,Y,,6/28/23,25.0,HLE,6/28/23,HLE,,,,,,,,,,,,,
23,8/10/21,45,46,CNAT,2,Turrumote,45CN2T,Y,,6/28/23,20.0,HLE,6/28/23,HLE,,,,,,,,,,,,,
39,8/10/21,45,47,CNAT,3,Turrumote,45CN3T,Y,,6/28/23,13.5,HLE,6/28/23,HLE,,,,,,,,,,,,,
42,8/10/21,45,42,CNAT,4,Turrumote,45CN4T,Y,,6/19/23,19.0,HLE,6/19/23,HLE,,,,,,,,,,,,,
43,8/10/21,45,44,CNAT,5,Turrumote,45CN5T,Y,,6/20/23,29.0,HLE,6/20/23,HLE,,,,,,,,,,,,,
45,8/10/21,45,47,CNAT,6,Turrumote,45CN6T,Y,,6/20/23,38.0,HLE,6/20/23,HLE,,,,,,,,,,,,,
50,8/10/21,45,44,CNAT,7,Turrumote,45CN7T,Y,,6/29/23,17.5,HLE,6/29/23,HLE,,,,,,,,,,,,,
66,8/12/21,55,53,CNAT,1,Turrumote,55CN1T,Y,,6/28/23,26.0,HLE,6/28/23,HLE,,,,,,,,,,,,,
67,8/12/21,55,53,CNAT,2,Turrumote,55CN2T,Y,,6/29/23,16.0,HLE,6/29/23,HLE,,,,,,,,,,,,,
80,8/12/21,55,53,CNAT,3,Turrumote,55CN3T,Y,,6/20/23,16.0,HLE,6/20/23,HLE,,,,,,,,,,,,,
81,8/12/21,55,53,CNAT,4,Turrumote,55CN4T,Y,,6/19/23,37.0,HLE,6/19/23,HLE,,,,,,,,,,,,,
84,8/12/21,55,55,CNAT,5,Turrumote,55CN5T,Y,,6/20/23,20.0,HLE,6/20/23,HLE,,,,,,,,,,,,,
87,8/12/21,55,53,CNAT,6,Turrumote,55CN6T,Y,,6/28/23,15.0,HLE,6/28/23,HLE,,,,,,,,,,,,,
139,18-Aug,15,14,MCAV,1,Media Luna,15MC1ML,Y,,6/19/23,13.5,HLE,6/19/23,HLE,,,,,MCAV,,,,,,,,
146,18-Aug,15,22,MCAV,2,Media Luna,15MC2ML,Y,,6/12/23,15.0,HLE,6/12/23,HLE,,,,,MCAV,,,,,,,,
149,18-Aug,15,24,MCAV,3,Media Luna,15MC3ML,Y,,6/12/23,21.0,HLE,6/12/23,HLE,,,,,MCAV,,,,,,,,
153,18-Aug,15,21,MCAV,4,Media Luna,15MC4ML,Y,,6/12/23,25.0,HLE,6/12/23,HLE,,,,,MCAV,,,,,,,,
155,18-Aug,15,25,MCAV,5,Media Luna,15MC5ML,Y,,6/12/23,25.0,HLE,6/12/23,HLE,,,,,MCAV,,,,,,,,
142,18-Aug,30,25,MCAV,1,Media Luna,30MC1ML,Y,,6/19/23,21.0,HLE,6/19/23,HLE,,,,,MCAV,,,,,,,,
210,8/23/21,30,34,MCAV,2,Media Luna,30MC2ML,Y,,6/6/23,35.0,HLE,6/6/23,HLE,,,,,MCAV,,,,,,,,
214,8/23/21,30,29,MCAV,3,Media Luna,30MC3ML,Y,,6/9/23,37.0,WD,6/9/23,WD,,,,,MCAV,,,,,,,,
321,8/23/21,30,34,MCAV,4,Media Luna,30MC4ML,Y,,6/6/23,19.0,HLE,6/6/23,HLE,,,,,MCAV,,,,,,,,
318,8/23/21,30,31,MCAV,5,Media Luna,30MC5ML,Y,,6/19/23,17.0,HLE,6/19/23,HLE,,,,,MCAV,,,,,,,,
339,8/23/21,45,48,MCAV,1,Media Luna,45MC1ML,Y,,6/12/23,35.0,HLE,6/12/23,HLE,,,,,MCAV,,,,,,,,
353,8/23/21,45,48,MCAV,2,Media Luna,45MC2ML,Y,,6/19/23,23.0,HLE,6/19/23,HLE,,,,,MCAV,,,,,,,,
364,8/24/21,45,40,MCAV,3,Media Luna,45MC3ML,Y,,6/19/23,22.0,HLE,6/19/23,HLE,,,,,MCAV,,,,,,,,
368,8/24/21,45,42,MCAV,4,Media Luna,45MC4ML,Y,,6/19/23,20.0,HLE,6/19/23,HLE,,,,,MCAV,,,,,,,,
369,8/24/21,45,45,MCAV,5,Media Luna,45MC5ML,Y,,6/19/23,20.0,HLE,6/19/23,HLE,,,,,MCAV,,,,,,,,
164,18-Aug,55,59,MCAV,1,Media Luna,55MC1ML,Y,,6/9/23,39.0,WD,6/9/23,WD,,,,,MCAV,,,,,,,,
166,18-Aug,55,55,MCAV,2,Media Luna,55MC2ML,Y,,6/19/23,19.0,HLE,6/19/23,HLE,,,,,MCAV,,,,,,,,
176,8/19/21,55,64,MCAV,3,Media Luna,55MC3ML,Y,,6/6/23,21.0,HLE,6/6/23,HLE,,,,,MCAV,,,,,,,,
177,8/19/21,55,63,MCAV,4,Media Luna,55MC4ML,Y,,6/6/23,23.0,HLE,6/6/23,HLE,,,,,MCAV,,,,,,,,
181,8/19/21,55,63,MCAV,5,Media Luna,55MC5ML,Y,,6/12/23,25.0,HLE,6/12/23,HLE,,,,,MCAV,,,,,,,,
71,8/12/21,15,16,MCAV,1,Turrumote,15MC1T,Y,,6/5/23,17.0,HLE,6/5/23,HLE,,,,,MCAV,,,,,,,,
258,8/20/21,15,18,MCAV,2,Turrumote,15MC2T,Y,,6/1/23,37.0,WD,6/1/23,WD,,,,,MCAV,,,,,,,,
206,8/20/21,15,15,MCAV,3,Turrumote,15MC3T,Y,,6/5/23,18.5,HLE,6/5/23,HLE,,,,,MCAV,,,,,,,,
207,8/20/21,15,16,MCAV,4,Turrumote,15MC4T,Y,,6/2/23,23.0,HLE,6/2/23,HLE,,,,,MCAV,,,,,,,,
261,8/20/21,15,15,MCAV,5,Turrumote,15MC5T,Y,,6/2/23,15.5,HLE,6/2/23,HLE,,,,,MCAV,,,,,,,,
98/ PAN 88,8/12/21,30,31,MCAV,1,Turrumote,30MC1T,Y,,6/6/23,23.0,HLE,6/6/23,HLE,,,,,MCAV,,,,,,,,
122,8/17/21,30,31,MCAV,2,Turrumote,30MC2T,Y,,6/1/23,15.0,WD,6/1/23,WD,,,,,MCAV,,,,,,,,
123,8/17/21,30,32,MCAV,3,Turrumote,30MC3T,Y,,6/2/23,17.0,HLE,6/2/23,HLE,,,,,MCAV,,,,,,,,
124,8/17/21,30,30,MCAV,4,Turrumote,30MC4T,Y,,6/6/23,20.0,HLE,6/6/23,HLE,,,,,MCAV,,,,,,,,
125,8/17/21,30,30,MCAV,5,Turrumote,30MC5T,Y,,6/2/23,23.0,HLE,6/2/23,HLE,,,,,MCAV,,,,,,,,
12,8/10/21,45,45,MCAV,1,Turrumote,45MC1T,Y,,6/2/23,37.0,HLE,6/2/23,HLE,,,,,MCAV,,,,,,,,
13,8/10/21,45,49,MCAV,2,Turrumote,45MC2T,Y,,6/2/23,43.0,HLE,6/2/23,HLE,,,,,MCAV,,,,,,,,
14,8/10/21,45,44,MCAV,3,Turrumote,45MC3T,Y,,6/6/23,19.5,HLE,6/6/23,HLE,,,,,MCAV,,,,,,,,
16,8/10/21,45,46,MCAV,4,Turrumote,45MC4T,Y,,6/5/23,25.0,HLE,6/5/23,HLE,,,,,MCAV,,,,,,,,
20,8/10/21,45,46,MCAV,5,Turrumote,45MC5T,Y,,6/2/23,25.0,HLE,6/2/23,HLE,,,,,MCAV,,,,,,,,
56,8/12/21,55,54,MCAV,1,Turrumote,55MC1T,Y,,6/5/23,17.0,HLE,6/5/23,HLE,,,,,MCAV,,,,,,,,
60,8/12/21,55,57,MCAV,2,Turrumote,55MC2T,Y,,6/2/23,24.5,HLE,6/2/23,HLE,,,,,MCAV,,,,,,,,
61,8/12/21,55,54,MCAV,3,Turrumote,55MC3T,Y,,6/5/23,17.5,HLE,6/5/23,HLE,,,,,MCAV,,,,,,,,
73,8/12/21,55,55,MCAV,4,Turrumote,55MC4T,Y,,6/2/23,20.0,HLE,6/2/23,HLE,,,,,MCAV,,,,,,,,
77,8/12/21,55,54,MCAV,5,Turrumote,55MC5T,Y,,6/5/23,22.0,HLE,6/5/23,HLE,,,,,MCAV,,,,,,,,
140,18-Aug,15,23,OFAV,1,Media Luna,15OFA1ML,Y,,7/18/22,22.0,HLE,7/18/22,TL,13,14,15,16,L,7/19/22,HLE,,,,,,
144,18-Aug,15,21,OFAV,2,Media Luna,15OFA2ML,Y,,7/18/22,26.5,HLE,7/18/22,TL,13,14,15,16,L,7/19/22,HLE,,,,,,
145,18-Aug,15,22,OFAV,3,Media Luna,15OFA3ML,Y,,7/18/22,13.5,HLE,7/18/22,HLE,13,14,15,16,L,7/19/22,HLE,,,,,,
148,18-Aug,15,24,OFAV,4,Media Luna,15OFA4ML,Y,,7/18/22,9.0,HLE,7/18/22,TL,13,14,15,16,L,7/19/22,HLE,,,,,,
150,18-Aug,15,24,OFAV,5,Media Luna,15OFA5ML,Y,,7/18/22,18.0,HLE,7/18/22,TL,13,14,15,16,L,7/19/22,HLE,,,,,,
156,18-Aug,15,20,OFAV,6,Media Luna,15OFA6ML,Y,,7/18/22,16.5,HLE,7/18/22,TL,13,14,15,16,L,7/19/22,HLE,,,,,,
328,8/23/21,30,31,OFAV,1,Media Luna,30OFA1ML,Y,,7/18/22,17.5,HLE,7/18/22,TL,13,14,15,16,L,7/19/22,HLE,,,,,,
329,8/23/21,30,32,OFAV,2,Media Luna,30OFA2ML,Y,,7/18/22,16.5,HLE,7/18/22,HLE,13,14,15,16,L,7/19/22,HLE,,,,,,
330,8/23/21,30,30,OFAV,3,Media Luna,30OFA3ML,Y,,7/18/22,10.5,HLE,7/18/22,TL,13,14,15,16,L,7/19/22,HLE,,,,,,
331,8/23/21,30,31,OFAV,4,Media Luna,30OFA4ML,Y,,7/18/22,14.5,HLE,7/18/22,HLE,13,14,15,16,L,7/19/22,HLE,,,,,,
333,8/23/21,30,32,OFAV,5,Media Luna,30OFA5ML,Y,,7/18/22,17.5,HLE,7/18/22,TL,13,14,15,16,L,7/19/22,HLE,,,,,,
338,8/23/21,45,45,OFAV,1,Media Luna,45OFA1ML,Y,,7/18/22,19.5,HLE,7/18/22,TL,13,14,15,16,L,7/19/22,HLE,,,,,,
343,8/23/21,45,46,OFAV,2,Media Luna,45OFA2ML,Y,,6/8/22,27.5,TL,7/18/22,TL,13,14,15,16,L,7/19/22,HLE,,,,,,
350,8/23/21,45,47,OFAV,3,Media Luna,45OFA3ML,Y,,6/8/22,40.5,TL,7/18/22,TL,13,14,15,16,L,7/19/22,HLE,,,,,,
363,8/24/21,45,40,OFAV,4,Media Luna,45OFA4ML,Y,,7/18/22,23.0,HLE,7/18/22,TL,13,14,15,16,L,7/19/22,HLE,,,,,,
366,8/24/21,45,44,OFAV,5,Media Luna,45OFA5ML,Y,,6/8/22,38.5,TL,7/18/22,TL,13,14,15,16,L,7/19/22,HLE,,,,,,
161,18-Aug,55,54,OFAV,1,Media Luna,55OFA1ML,Y,,6/8/22,28.0,TL,7/18/22,TL,13,14,15,16,L,7/19/22,HLE,,,,,,
180,8/19/21,55,59,OFAV,2,Media Luna,55OFA2ML,Y,,7/18/22,23.0,HLE,7/18/22,TL,13,14,15,16,L,7/19/22,HLE,,,,,,
182,8/19/21,55,63,OFAV,3,Media Luna,55OFA3ML,Y,,7/18/22,17.0,HLE,7/18/22,TL,13,14,15,16,L,7/19/22,HLE,,,,,,
190,8/19/21,55,62,OFAV,4,Media Luna,55OFA4ML,Y,,7/18/22,26.5,HLE,7/18/22,TL,13,14,15,16,L,7/19/22,HLE,,,,,,
195,8/19/21,55,62,OFAV,5,Media Luna,55OFA5ML,Y,,7/18/22,14.5,HLE,7/18/22,HLE,13,14,15,16,L,7/19/22,HLE,,,,,,
2,8/6/21,15,15,OFAV,2,Turrumote,15OF2AT,Y,MISSING,NA,NA,NA,NA,NA,NA,NA,NA,NA,NA,NA,NA,,,,,,
2,8/6/21,15,15,OFAV,2,Turrumote,15OF2BT,Y,MISSING,NA,NA,NA,NA,NA,NA,NA,NA,NA,NA,NA,NA,,,,,,
1,8/6/21,15,15,OFAV,1,Turrumote,15OFA1AT,Y,,7/19/22,19.5,HLE,7/19/22,HLE,13,14,15,16,M,7/27/22,HLE,,,,,,
1,8/6/21,15,15,OFAV,1,Turrumote,15OFA1BT,Y,MISSING,NA,NA,NA,NA,NA,NA,NA,NA,NA,NA,NA,NA,,,,,,
72,8/12/21,15,15,OFAV,3,Turrumote,15OFA3T,Y,,7/19/22,22.0,HLE,7/19/22,HLE,13,14,15,16,L,7/27/22,HLE,,,,,,
259,8/20/21,15,15,OFAV,4,Turrumote,15OFA4T,Y,,7/25/22,15.0,HLE,7/25/22,HLE,13,14,15,16,M,7/27/22,HLE,,,,,,
264,8/20/21,15,15,OFAV,5,Turrumote,15OFA5T,Y,,7/20/22,17.5,HLE,7/20/22,HLE,13,14,15,16,M,7/27/22,HLE,,,,,,
91/PAN 81,8/12/21,30,30,OFAV,1,Turrumote,30OFA1T,Y,,7/19/22,25.5,HLE,7/19/22,HLE,13,14,15,16,L,7/27/22,HLE,,,,,,
97/ PAN 87,8/12/21,30,30,OFAV,2,Turrumote,30OFA2T,Y,,7/19/22,28.0,HLE,7/19/22,HLE,13,14,15,16,L,7/27/22,HLE,,,,,,
108,8/17/21,30,30,OFAV,3,Turrumote,30OFA3T,Y,,7/19/22,37.0,HLE,7/19/22,HLE,13,14,15,16,L,7/27/22,HLE,,,,,,
117,8/17/21,30,30,OFAV,4,Turrumote,30OFA4T,Y,,7/19/22,17.5,HLE,7/19/22,HLE,13,14,15,16,L,7/27/22,HLE,,,,,,
119,8/17/21,30,28,OFAV,5,Turrumote,30OFA5T,Y,,7/19/22,25.5,HLE,7/19/22,HLE,13,14,15,16,M,7/27/22,HLE,,,,,,
24,8/10/21,45,46,OFAV,1,Turrumote,45OFA1T,Y,,7/25/22,19.0,HLE,7/25/22,HLE,13,14,15,16,M,7/27/22,HLE,,,,,,
29,8/10/21,45,47,OFAV,2,Turrumote,45OFA2T,Y,,7/19/22,20.5,HLE,7/19/22,HLE,13,14,15,16,L,7/27/22,HLE,,,,,,
48,8/12/21,45,45,OFAV,3,Turrumote,45OFA3T,Y,,7/19/22,30.5,HLE,7/19/22,HLE,13,14,15,16,M,7/27/22,HLE,,,,,,
52,8/12/21,45,44,OFAV,4,Turrumote,45OFA4T,Y,,7/25/22,20.0,HLE,7/25/22,HLE,13,14,15,16,M,7/27/22,HLE,,,,,,
53,8/12/21,45,45,OFAV,5,Turrumote,45OFA5T,Y,,7/19/22,22.0,HLE,7/19/22,HLE,13,14,15,16,M,7/27/22,HLE,,,,,,
54,8/12/21,45,45,OFAV,6,Turrumote,45OFA6T,Y,,7/19/22,35.5,HLE,7/19/22,HLE,13,14,15,16,L,7/27/22,HLE,,,,,,
75,8/12/21,55,54,OFAV,1,Turrumote,55OFA1T,Y,,7/20/22,26.5,HLE,7/20/22,HLE,13,14,15,16,M,7/27/22,HLE,,,,,,
85,8/12/21,55,55,OFAV,2,Turrumote,55OFA2T,Y,,7/25/22,23.5,HLE,7/25/22,HLE,13,14,15,16,M,7/27/22,HLE,,,,,,
103,8/17/21,55,55,OFAV,3,Turrumote,55OFA3T,Y,,7/20/22,30.5,HLE,7/20/22,HLE,13,14,15,16,M,7/27/22,HLE,,,,,,
105,8/17/21,55,53,OFAV,4,Turrumote,55OFA4T,Y,,7/19/22,17.5,HLE,7/19/22,HLE,13,14,15,16,L,7/27/22,HLE,,,,,,
106,8/17/21,55,53,OFAV,5,Turrumote,55OFA5T,Y,,7/25/22,20.0,HLE,7/25/22,HLE,13,14,15,16,M,7/27/22,HLE,,,,,,
307,8/23/21,15,25,OFRA,1,Media Luna,15OFR1ML,Y,,8/16/22,19.5,HLE,8/16/22,HLE,13,14,15,16,N,11/1/22,HLE,,,,,,
308,8/23/21,15,25,OFRA,2,Media Luna,15OFR2ML,Y,,8/16/22,21.0,HLE,8/16/22,HLE,13,14,15,16,O,11/1/22,HLE,,,,,,
310,8/23/21,15,25,OFRA,3,Media Luna,15OFR3ML,Y,,8/15/22,23.5,HLE,8/15/22,HLE,13,14,15,16,N,11/1/22,HLE,,,,,,
311,8/23/21,15,25,OFRA,4,Media Luna,15OFR4ML,Y,,8/15/22,25.0,HLE,8/15/22,HLE,13,14,15,16,N,11/1/22,HLE,,,,,,
312,8/23/21,15,26,OFRA,5,Media Luna,15OFR5ML,Y,,8/16/22,21.0,HLE,8/16/22,HLE,13,14,15,16,O,11/1/22,HLE,,,,,,
313,8/23/21,30,29,OFRA,1,Media Luna,30OFR1ML,Y,,8/22/22,30.0,HLE,8/22/22,HLE,17,17,17,17,O,11/1/22,HLE,,,,,,
317,8/23/21,30,32,OFRA,2,Media Luna,30OFR2ML,Y,,8/15/22,27.5,HLE,8/15/22,HLE,13,14,15,16,N,11/1/22,HLE,,,,,,
213,8/23/21,30,31,OFRA,3,Media Luna,30OFR3ML,Y,,8/16/22,26.5,HLE,8/16/22,HLE,13,14,15,16,N,11/1/22,HLE,,,,,,
332,8/23/21,30,36,OFRA,4,Media Luna,30OFR4ML,Y,,8/15/22,26.5,HLE,8/15/22,HLE,13,14,15,16,N,11/1/22,HLE,,,,,,
334,8/23/21,30,35,OFRA,5,Media Luna,30OFR5ML,Y,,8/16/22,30.5,HLE,8/16/22,HLE,13,14,15,16,O,11/1/22,HLE,,,,,,
345,8/23/21,45,45,OFRA,1,Media Luna,45OFR1ML,Y,,8/15/22,30.0,HLE,8/15/22,HLE,13,14,15,16,N,11/1/22,HLE,,,,,,
347,8/23/21,45,46,OFRA,2,Media Luna,45OFR2ML,Y,,8/15/22,21.5,HLE,8/15/22,HLE,13,14,15,16,N,11/1/22,HLE,,,,,,
371,8/24/21,45,45,OFRA,3,Media Luna,45OFR3ML,Y,,8/22/22,20.5,HLE,8/22/22,HLE,17,17,17,17,O,11/1/22,HLE,,,,,,
372,8/24/21,45,42,OFRA,4,Media Luna,45OFR4ML,Y,,8/15/22,32.0,HLE,8/15/22,HLE,13,14,15,16,N,11/1/22,HLE,,,,,,
373,8/24/21,45,45,OFRA,5,Media Luna,45OFR5ML,Y,,8/16/22,23.5,HLE,8/16/22,HLE,13,14,15,16,O,11/1/22,HLE,,,,,,
170,18-Aug,55,52,OFRA,1,Media Luna,55OFR1ML,Y,,8/16/22,25.0,HLE,8/16/22,HLE,13,14,15,16,N,11/1/22,HLE,,,,,,
187,8/19/21,55,60,OFRA,2,Media Luna,55OFR2ML,Y,,8/16/22,33.0,HLE,8/16/22,HLE,13,14,15,16,N,11/1/22,HLE,,,,,,
189,8/19/21,55,63,OFRA,3,Media Luna,55OFR3ML,Y,,8/15/22,25.5,HLE,8/15/22,HLE,13,14,15,16,N,11/1/22,HLE,,,,,,
193,8/19/21,55,60,OFRA,4,Media Luna,55OFR4ML,Y,,8/22/22,18.5,HLE,8/22/22,HLE,17,17,17,17,O,11/1/22,HLE,,,,,,
194,8/19/21,55,64,OFRA,5,Media Luna,55OFR5ML,Y,,8/22/22,22.5,HLE,8/22/22,HLE,17,17,17,17,O,11/1/22,HLE,,,,,,
266,8/20/21,15,15,OFRA,1,Turrumote,15OFR1T,Y,,NA,NA,NA,NA,NA,NA,NA,NA,NA,NA,NA,NA,,,,,,
270,8/20/21,15,18,OFRA,2,Turrumote,15OFR2T,Y,,7/28/22,23.5,HLE,7/28/22,HLE,13,14,15,16,N,11/1/22,HLE,,,,,,
271,8/20/21,15,19,OFRA,3,Turrumote,15OFR3T,Y,,7/25/22,23.5,HLE,7/25/22,HLE,13,14,15,16,M,11/1/22,HLE,,,,,,
273,8/20/21,15,22,OFRA,4,Turrumote,15OFR4T,Y,,7/25/22,33.5,HLE,7/25/22,HLE,13,14,15,16,M,11/1/22,HLE,,,,,,
274,8/20/21,15,27,OFRA,5,Turrumote,15OFR5T,Y,,7/25/22,20.0,HLE,7/25/22,HLE,13,14,15,16,M,11/1/22,HLE,,,,,,
116,8/17/21,30,30,OFRA,1,Turrumote,30OFR1T,Y,,7/25/22,26.5,HLE,7/25/22,HLE,13,14,15,16,M,11/1/22,HLE,,,,,,
118,8/17/21,30,30,OFRA,2,Turrumote,30OFR2T,Y,,7/25/22,25.5,HLE,7/25/22,HLE,13,14,15,16,M,11/1/22,HLE,,,,,,
126,8/17/21,30,30,OFRA,3,Turrumote,30OFR3T,Y,,7/27/22,22.0,HLE,7/27/22,HLE,13,14,15,16,N,11/1/22,HLE,,,,,,
127,8/17/21,30,30,OFRA,4,Turrumote,30OFR4T,Y,,7/28/22,20.5,HLE,7/28/22,HLE,13,14,15,16,N,11/1/22,HLE,,,,,,
257,8/20/21,30,30,OFRA,5,Turrumote,30OFR5T,Y,,7/25/22,22.5,HLE,7/25/22,HLE,13,14,15,16,M,11/1/22,HLE,,,,,,
11,8/10/21,45,48,OFRA,1,Turrumote,45OFR1T,Y,,7/25/22,19.5,HLE,7/25/22,HLE,13,14,15,16,M,11/1/22,HLE,,,,,,
15,8/10/21,45,45,OFRA,2,Turrumote,45OFR2T,Y,,7/28/22,22.0,HLE,7/28/22,HLE,13,14,15,16,N,11/1/22,HLE,,,,,,
21,8/10/21,45,46,OFRA,3,Turrumote,45OFR3T,Y,,7/25/22,17.5,HLE,7/25/22,HLE,13,14,15,16,M,11/1/22,HLE,,,,,,
27,8/10/21,45,46,OFRA,4,Turrumote,45OFR4T,Y,,7/26/22,25.0,HLE,7/26/22,HLE,13,14,15,16,M,11/1/22,HLE,,,,,,
31,8/10/21,45,45,OFRA,5,Turrumote,45OFR5T,Y,,7/26/22,17.0,HLE,7/26/22,HLE,13,14,15,16,M,11/1/22,HLE,,,,,,
35,8/10/21,45,46,OFRA,6,Turrumote,45OFR6T,Y,,7/27/22,24.0,HLE,7/27/22,HLE,13,14,15,16,N,11/1/22,HLE,,,,,,
40,8/10/21,45,47,OFRA,7,Turrumote,45OFR7T,Y,,7/28/22,26.5,HLE,7/28/22,HLE,13,14,15,16,N,11/1/22,HLE,,,,,,
46,8/10/21,45,47,OFRA,8,Turrumote,45OFR8T,Y,,7/28/22,24.5,HLE,7/28/22,HLE,13,14,15,16,N,11/1/22,HLE,,,,,,
64,8/12/21,55,53,OFRA,1,Turrumote,55OFR1T,Y,,7/27/22,23.5,HLE,7/27/22,HLE,13,14,15,16,N,11/1/22,HLE,,,,,,
68,8/12/21,55,53,OFRA,2,Turrumote,55OFR2T,Y,,7/28/22,17.0,HLE,7/28/22,HLE,13,14,15,16,N,11/1/22,HLE,,,,,,
79,8/12/21,55,52,OFRA,3,Turrumote,55OFR3T,Y,,7/26/22,43.5,HLE,7/26/22,HLE,13,14,15,16,M,11/1/22,HLE,,,,,,
83,8/12/21,55,54,OFRA,4,Turrumote,55OFR4T,Y,,7/28/22,19.5,HLE,7/28/22,HLE,13,14,15,16,N,11/1/22,HLE,,,,,,
104,8/17/21,55,55,OFRA,5,Turrumote,55OFR5T,Y,,7/25/22,33.5,HLE,7/25/22,HLE,13,14,15,16,M,11/1/22,HLE,,,,,,
128,18-Aug,15,15,PAST,1,Media Luna,15PA1ML,Y,,5/31/23,16.0,HLE,5/31/23,HLE,,,,,PAST,,,,,,,,
130,18-Aug,15,15,PAST,2,Media Luna,15PA2ML,Y,,5/31/23,15.0,HLE,5/31/23,HLE,,,,,PAST,,,,,,,,
132,18-Aug,15,13,PAST,3,Media Luna,15PA3ML,Y,,5/31/23,15.5,HLE,5/31/23,HLE,,,,,PAST,,,,,,,,
133,18-Aug,15,13,PAST,4,Media Luna,15PA4ML,Y,,5/31/23,22.5,HLE,5/31/23,HLE,,,,,PAST,,,,,,,,
136,18-Aug,15,14,PAST,5,Media Luna,15PA5ML,Y,,5/31/23,15.0,HLE,5/31/23,HLE,,,,,PAST,,,,,,,,
315,8/23/21,30,29,PAST,1,Media Luna,30PA1ML,Y,,5/31/23,27.0,HLE,5/31/23,HLE,,,,,PAST,,,,,,,,
316,8/23/21,30,32,PAST,2,Media Luna,30PA2ML,MISSING ,,Missing,Missing,Missing,Missing,Missing,Missing,Missing,Missing,Missing,Missing,Missing,Missing,Missing,Missing,Missing,Missing,Missing,Missing
217,8/23/21,30,31,PAST,3,Media Luna,30PA3ML,Y,,5/31/23,19.0,HLE,5/31/23,HLE,,,,,PAST,,,,,,,,
322,8/23/21,30,33,PAST,4,Media Luna,30PA4ML,Y,,5/31/23,19.5,HLE,5/31/23,HLE,,,,,PAST,,,,,,,,
326,8/23/21,30,31,PAST,5,Media Luna,30PA5ML,Y,,5/31/23,13.5,HLE,5/31/23,HLE,,,,,PAST,,,,,,,,
336,8/23/21,45,45,PAST,1,Media Luna,45PA1ML,Y,,5/31/23,23.0,HLE,5/31/23,HLE,,,,,PAST,,,,,,,,
340,8/23/21,45,44,PAST,2,Media Luna,45PA2ML,Y,,5/31/23,21.0,HLE,5/31/23,HLE,,,,,PAST,,,,,,,,
351,8/23/21,45,46,PAST,3,Media Luna,45PA3ML,Y,,5/31/23,15.0,HLE,5/31/23,HLE,,,,,PAST,,,,,,,,
354,8/23/21,45,48,PAST,4,Media Luna,45PA4ML,Y,,5/31/23,37.5,HLE,5/31/23,HLE,,,,,PAST,,,,,,,,
360,8/24/21,45,40,PAST,5,Media Luna,45PA5ML,Y,,5/31/23,18.5,HLE,5/31/23,HLE,,,,,PAST,,,,,,,,
167,18-Aug,55,54,PAST,1,Media Luna,55PA1ML,Y,,5/31/23,25.0,HLE,5/31/23,HLE,,,,,PAST,,,,,,,,
172,18-Aug,55,50,PAST,2,Media Luna,55PA2ML,Y,,5/31/23,13.5,HLE,5/31/23,HLE,,,,,PAST,,,,,,,,
178,8/19/21,55,62,PAST,3,Media Luna,55PA3ML,Y,,5/31/23,26.5,HLE,5/31/23,HLE,,,,,PAST,,,,,,,,
184,8/19/21,55,61,PAST,4,Media Luna,55PA4ML,Y,,5/31/23,33.0,HLE,5/31/23,HLE,,,,,PAST,,,,,,,,
186,8/19/21,55,65,PAST,5,Media Luna,55PA5ML,Y,,5/31/23,15.5,HLE,5/31/23,HLE,,,,,PAST,,,,,,,,
3,8/6/21,15,15,PAST,1,Turrumote,15PA1AT,Y,,6/1/23,13.0,HLE,6/1/23,HLE,,,,,PAST,,,,,,,,
3,8/6/21,15,15,PAST,1,Turrumote,15PA1BT,Y,,6/1/23,16.0,HLE,6/1/23,HLE,,,,,PAST,,,,,,,,
202,8/20/21,15,18,PAST,2,Turrumote,15PA2T,Y,,6/1/23,23.5,HLE,6/1/23,HLE,,,,,PAST,,,,,,,,
204,8/20/21,15,15,PAST,3,Turrumote,15PA3T,Y,,6/1/23,22.5,HLE,6/1/23,HLE,,,,,PAST,,,,,,,,
205,8/20/21,15,15,PAST,4,Turrumote,15PA4T,Y,,6/1/23,19.0,HLE,6/1/23,HLE,,,,,PAST,,,,,,,,
451,8/25/21,15,16,PAST,5,Turrumote,15PA5T,MISSING ,,Missing,Missing,Missing,Missing,Missing,Missing,Missing,Missing,Missing,Missing,Missing,Missing,Missing,Missing,Missing,Missing,Missing,
93/ PAN 83,8/12/21,30,30,PAST,1,Turrumote,30PA1T,Y,,6/1/23,21.5,HLE,6/1/23,HLE,,,,,PAST,,,,,,,,
95/ PAN 85,8/12/21,30,31,PAST,2,Turrumote,30PA2T,Y,,6/1/23,18.0,HLE,6/1/23,HLE,,,,,PAST,,,,,,,,
110,8/17/21,30,30,PAST,3,Turrumote,30PA3T,Y,,6/1/23,17.0,HLE,6/1/23,HLE,,,,,PAST,,,,,,,,
255,8/20/21,30,30,PAST,4,Turrumote,30PA4T,Y,,6/1/23,13.5,HLE,6/1/23,HLE,,,,,PAST,,,,,,,,
256,8/20/21,30,29,PAST,5,Turrumote,30PA5T,Y,,6/1/23,27.0,HLE,6/1/23,HLE,,,,,PAST,,,,,,,,
19,8/10/21,45,45,PAST,1,Turrumote,45PA1,Y,,6/1/23,14.5,HLE,6/1/23,HLE,,,,,PAST,,,,,,,,
22,8/10/21,45,46,PAST,2,Turrumote,45PA2T,Y,,6/1/23,23.0,HLE,6/1/23,HLE,,,,,PAST,,,,,,,,
33,8/10/21,45,45,PAST,3,Turrumote,45PA3,Y,,6/1/23,16.5,HLE,6/1/23,HLE,,,,,PAST,,,,,,,,
38,8/10/21,45,44,PAST,4,Turrumote,45PA4,Y,,6/1/23,23.0,HLE,6/1/23,HLE,,,,,PAST,,,,,,,,
49,8/12/21,45,46,PAST,5,Turrumote,45PA5T,Y,,6/2/21,30.0,HLE,6/2/21,HLE,,,,,PAST,,,,,,,,
51,8/12/21,45,44,PAST,6,Turrumote,45PA6T,Y,,6/1/23,17.0,HLE,6/1/23,HLE,,,,,PAST,,,,,,,,
58,8/12/21,55,53,PAST,1,Turrumote,55PA1T,Y,,6/1/23,40.0,HLE,6/1/23,HLE,,,,,PAST,,,,,,,,
70,8/12/21,55,52,PAST,2,Turrumote,55PA2T,Y,,6/1/23,16.5,HLE,6/1/23,HLE,,,,,PAST,,,,,,,,
74,8/12/21,55,55,PAST,3,Turrumote,55PA3,Y,,6/1/23,14.5,HLE,6/1/23,HLE,,,,,PAST,,,,,,,,
76,8/12/21,55,52,PAST,4,Turrumote,55PA4T,Y,,6/1/23,24.0,HLE,6/1/23,HLE,,,,,PAST,,,,,,,,
280,8/20/21,55,50,PAST,5,Turrumote,55PA5T,Y,,6/1/23,17.0,HLE,6/1/23,HLE,,,,,PAST,,,,,,,,
129,18-Aug,15,16,PPOR,1,Media Luna,15PP1ML,Y,,5/30/23,15.0,HLE,5/30/23,HLE,,,,,PPOR,,,,,,,,
131,18-Aug,15,15,PPOR,2,Media Luna,15PP2ML,Y,,5/30/23,31.5,HLE,5/30/23,HLE,,,,,PPOR,,,,,,,,
135,18-Aug,15,14,PPOR,3,Media Luna,15PP3ML,Y,,5/30/23,20.5,HLE,5/30/23,HLE,,,,,PPOR,,,,,,,,
137,18-Aug,15,14,PPOR,4,Media Luna,15PP4ML,Y,,5/30/23,15.0,HLE,5/30/23,HLE,,,,,PPOR,,,,,,,,
138,18-Aug,15,16,PPOR,5,Media Luna,15PP5ML,Y,,5/30/23,34.5,HLE,5/30/23,HLE,,,,,PPOR,,,,,,,,
314,8/23/21,30,29,PPOR,1,Media Luna,30PP1ML,NO,I think 30PP1ML and 45PP1ML got mixed up. ,Missing? ,Missing? ,Missing? ,Missing? ,Missing? ,Missing? ,Missing? ,Missing? ,Missing? ,Missing? ,Missing? ,Missing? ,Missing? ,Missing? ,Missing? ,Missing? ,Missing? ,
319,8/23/21,30,31,PPOR,2,Media Luna,30PP2ML,Y,,5/30/23,16.0,HLE,5/30/23,HLE,,,,,PPOR,,,,,,,,
215,8/23/21,30,30,PPOR,3,Media Luna,30PP3ML,Y,,5/30/23,36.5,HLE,5/30/23,HLE,,,,,PPOR,,,,,,,,
219,8/23/21,30,31,PPOR,4,Media Luna,30PP4ML,Y,,5/30/23,14.0,HLE,5/30/23,HLE,,,,,PPOR,,,,,,,,
324,8/23/21,30,33,PPOR,5,Media Luna,30PP5ML,Y,,5/30/23,22.5,HLE,5/30/23,HLE,,,,,PPOR,,,,,,,,
341,8/23/21,45,44,PPOR,1,Media Luna,45PP1ML,Y,I think 30PP1ML and 45PP1ML got mixed up. ,5/30/23,23.0,HLE,5/30/23,HLE,,,,,PPOR,,,,,,,,
346,8/23/21,45,46,PPOR,2,Media Luna,45PP2ML,Y,,5/30/23,14.5,HLE,5/30/23,HLE,,,,,PPOR,,,,,,,,
349,8/23/21,45,46,PPOR,3,Media Luna,45PP3ML,y,,5/30/23,16.0,HLE,5/30/23,HLE,,,,,PPOR,,,,,,,,
365,8/24/21,45,45,PPOR,4,Media Luna,45PP4ML,Y,,5/30/23,15.0,HLE,5/30/23,HLE,,,,,PPOR,,,,,,,,
370,8/24/21,45,44,PPOR,5,Media Luna,45PP5ML,Y,,5/30/23,20.0,HLE,5/30/23,HLE,,,,,PPOR,,,,,,,,
162,18-Aug,55,57,PPOR,1,Media Luna,55PP1ML,Y,,5/30/23,14.0,HLE,5/30/23,HLE,,,,,PPOR,,,,,,,,
165,18-Aug,55,54,PPOR,2,Media Luna,55PP2ML,Y,,5/30/23,15.0,HLE,5/30/23,HLE,,,,,PPOR,,,,,,,,
169,18-Aug,55,52,PPOR,3,Media Luna,55PP3ML,Y,,5/30/23,23.5,HLE,5/30/23,HLE,,,,,PPOR,,,,,,,,
174,8/19/21,55,56,PPOR,4,Media Luna,55PP4ML,Y,,5/30/23,15.0,HLE,5/30/23,HLE,,,,,PPOR,,,,,,,,
179,8/19/21,55,59,PPOR,5,Media Luna,55PP5ML,Y,,5/30/23,17.5,HLE,5/30/23,HLE,,,,,PPOR,,,,,,,,
9,8/6/21,15,15,PPOR,1,Turrumote,15PP1AT,Y,,2/7/23,23.0,HLE,2/7/23,HLE,,,,,PPOR,,,,,,,,
9,8/6/21,15,15,PPOR,1,Turrumote,15PP1BT,Y,,2/23/23,20.0,HLE,2/23/23,HLE,,,,,PPOR,,,,,,,,
203,8/20/21,15,18,PPOR,2,Turrumote,15PP2T,Y,"there might be 2 of these, 23 ml for the other one. ",2/7/23,26.0,HLE,2/7/23,HLE,,,,,PPOR,,,,,,,,
209,8/20/21,15,15,PPOR,3,Turrumote,15PP3T,Y,,2/27/23,28.0,HLE,2/27/23,HLE,,,,,PPOR,,,,,,,,
262,8/20/21,15,15,PPOR,4,Turrumote,15PP4T,Y,,2/27/23,20.0,HLE,2/27/23,HLE,,,,,PPOR,,,,,,,,
267,8/20/21,15,15,PPOR,5,Turrumote,15PP5T,Y,,2/17/23,16.0,HLE,2/17/23,HLE,,,,,PPOR,,,,,,,,
90,8/12/21,30,30,PPOR,1,Turrumote,30PP1T,Y,,2/17/23,17.0,HLE,2/17/23,HLE,,,,,PPOR,,,,,,,,
96/ PAN 86,8/12/21,30,31,PPOR,2,Turrumote,30PP2T,Y,,2/23/23,26.0,HLE,2/23/23,HLE,,,,,PPOR,,,,,,,,
102/ PAN 92,8/12/21,30,30,PPOR,3,Turrumote,30PP3T,Y,,3/10/23,39.0,HLE,3/10/23,HLE,,,,,PPOR,,,,,,,,
109,8/17/21,30,30,PPOR,4,Turrumote,30PP4T,Y,,2/27/23,40.0,HLE,2/27/23,HLE,,,,,PPOR,,,,,,,,
113,8/17/21,30,30,PPOR,5,Turrumote,30PP5T,Y,,2/17/23,20.0,HLE,2/17/23,HLE,,,,,PPOR,,,,,,,,
17,8/10/21,45,47,PPOR,1,Turrumote,45PP1T,Y,,2/23/23,15.0,HLE,2/23/23,HLE,,,,,PPOR,,,,,,,,
32,8/10/21,45,45,PPOR,2,Turrumote,45PP2T,Y,,2/23/23,25.0,HLE,2/23/23,HLE,,,,,PPOR,,,,,,,,
36,8/10/21,45,46,PPOR,3,Turrumote,45PP3T,Y,,3/10/23,20.0,HLE,3/10/23,HLE,,,,,PPOR,,,,,,,,
37,8/10/21,45,46,PPOR,4,Turrumote,45PP4T,Y,,2/17/23,16.0,HLE,2/17/23,HLE,,,,,PPOR,,,,,,,,
41,8/10/21,45,47,PPOR,5,Turrumote,45PP5T,Y,,6/17/23,20.0,HLE,6/17/23,HLE,,,,,PPOR,,,,,,,,
44,8/10/21,45,44,PPOR,6,Turrumote,45PP6T,Y,,3/10/23,17.0,HLE,3/10/23,HLE,,,,,PPOR,,,,,,,,
47,8/10/21,45,47,PPOR,7,Turrumote,45PP7T,Y,,2/7/23,34.0,HLE,2/7/23,HLE,,,,,PPOR,,,,,,,,
57,8/12/21,55,54,PPOR,1,Turrumote,55PP1T,Y,,2/17/23,25.0,HLE,2/17/23,HLE,,,,,PPOR,,,,,,,,
63,8/12/21,55,53,PPOR,2,Turrumote,55PP2T,Y,,2/20/23,26.0,HLE,2/20/23,HLE,,,,,PPOR,,,,,,,,
82,8/12/21,55,54,PPOR,3,Turrumote,55PP3T,Y,,3/10/23,26.0,HLE,3/10/23,HLE,,,,,PPOR,,,,,,,,
86,8/12/21,55,56,PPOR,4,Turrumote,55PP4T,Y,,2/17/23,18.0,HLE,2/17/23,HLE,,,,,PPOR,,,,,,,,
88,8/12/21,55,53,PPOR,5,Turrumote,55PP5T,Y,,2/17/23,16.0,HLE,2/17/23,HLE,,,,,PPOR,,,,,,,,
89,8/12/21,55,52,PPOR,6,Turrumote,55PP6T,Y,,2/7/23,34.0,HLE,2/7/23,HLE,,,,,PPOR,,,,,,,,
107,8/17/21,55,57,PPOR,7,Turrumote,55PP7T,Y,,3/10/23,15.0,HLE,3/10/23,HLE,,,,,PPOR,,,,,,,,