"","colony_id","species","treatment","X","number","sample_id","recovered","NOTES","airbrush_date","airbrush_volume","airbrush_inititals","aliquot_date","aliquot_initials","chl_box","host_PTAC_box","sym_PTAC_box","sym_density_box","ash_bag","skeleton_dry_date","skeleton_dry_initials","full_treatment","sample","replicate","mean_W","mean_H","mean_CW","mean_CH","mean_A","mean_CA","mean_diameter","mean_Cdiameter"
"1","OFAV_PP_0GT1","OFAV","PP",1,"Others","0GT1","p","","3/28/22",30,"DM TC","3/28/22","DM TC","4","1","2","3","B","4/15/22","TL","OFAV_PP","0GT1",NA,0.4354,0.4998,0.2316,0.2548,0.1692,0.0604,0.4676,0.2432
"2","OFAV_PP_0HS3","OFAV","PP",2,"17","0HS3","p","","3/23/22",20,"DM","3/22/22","DM","4","1","2","3","C","4/21/22","TL","OFAV_PP","0HS3",NA,0.3948,0.3928,0.2518,0.2534,0.121,0.0578,0.3938,0.2526
"3","OFAV_PP_0HS4","OFAV","PP",3,"18","0HS4","p","","3/25/22",NA,NA,"3/25/22",NA,NA,NA,NA,NA,"B","4/15/22","TL","OFAV_PP","0HS4",NA,0.3738,0.3964,0.219,0.2098,0.1112,0.0376,0.3851,0.2144
"4","OFAV_PP_2HS12","OFAV","PP",4,"19","2HS12","p","","3/25/22",NA,NA,"3/25/22",NA,NA,NA,NA,NA,"B","4/15/22","TL","OFAV_PP","2HS12",NA,0.433,0.3296,0.2566,0.2074,0.1058,0.0458,0.3813,0.232
"5","OFAV_PP_2HS2","OFAV","PP",5,"20","2HS2","p","","3/11/22",10.2,"CE","3/11/22","WD","4","1","2","3","B","4/15/22","TL","OFAV_PP","2HS2",NA,0.4448,0.4534,0.2654,0.255,0.1418,0.0596,0.4491,0.2602
"6","OFAV_PP_2HS48","OFAV","PP",6,"21","2HS48","p","","3/23/22",19.5,"DM","3/23/22","DM","4","1","2","3","C","4/15/22","TL","OFAV_PP","2HS48",NA,0.381,0.431,0.2262,0.2528,0.118,0.0488,0.406,0.2395
"7","OFAV_PP_2HS6","OFAV","PP",7,"22","2HS6","p","","3/4/22",33,"TC","3/9/22","TC","4","1","2","3","B","4/15/22","TL","OFAV_PP","2HS6",NA,0.4386,0.4306,0.2372,0.2512,0.1274,0.0532,0.4346,0.2442
"8","OFAV_PP_310","OFAV","PP",8,"1","310","p","","3/11/22",12.4,"CE","3/11/22","CE/WD","4","1","2","3","C","4/15/22","TL","OFAV_PP","310",NA,0.409,0.5016,0.2246,0.2842,0.1308,0.0506,0.4553,0.2544
"9","OFAV_PP_313","OFAV","PP",9,"2","313","p","","3/7/22",19,"WD","3/7/22","WD","4","1","2","3","C","4/21/22","TL","OFAV_PP","313",NA,0.4558,0.4046,0.2602,0.2322,0.1388,0.0554,0.4302,0.2462
"10","OFAV_PP_352","OFAV","PP",10,"3","352","p","","3/9/22",16,"WD","3/9/22","WD","4","1","2","3","C","4/15/22","TL","OFAV_PP","352",NA,0.3606,0.3532,0.19,0.1764,0.091,0.0366,0.3569,0.1832
"11","OFAV_PP_356","OFAV","PP",11,"4","356","p","","4/4/22",30,"DM TC","4/4/22","DM TC","4","1","2","3","B","4/21/22","TL","OFAV_PP","356",NA,0.365,0.4118,0.1748,0.2264,0.1178,0.0438,0.3884,0.2006
"12","OFAV_PP_357","OFAV","PP",12,"5","357","p","","3/21/22",23,"DM","3/21/22","DM","4","1","2","3","C","4/15/22","TL","OFAV_PP","357",NA,0.2202,0.387,0.2206,0.1998,0.06451526,0.03212338,0.3036,0.2102
"13","OFAV_PP_358","OFAV","PP",13,"6","358","p","","3/11/22",12.5,"CE","3/11/22","CE/WD","4","1","2","3","C","4/15/22","TL","OFAV_PP","358",NA,0.3732,0.368,0.227,0.2184,0.1044,0.0438,0.3706,0.2227
"14","OFAV_PP_359","OFAV","PP",14,"7","359","p","","3/11/22",10,"CE","3/11/22","WD","4","1","2","3","B","4/15/22","TL","OFAV_PP","359",NA,0.4072,0.382,0.2404,0.2462,0.1204,0.051,0.3946,0.2433
"15","OFAV_PP_360","OFAV","PP",15,"8","360","p","","3/21/22",16,"WD","3/21/22","WD","4","1","2","3","C","4/15/22","TL","OFAV_PP","360",NA,0.3454,0.3832,0.2086,0.22,0.0994,0.0422,0.3643,0.2143
"16","OFAV_PP_362","OFAV","PP",16,"9","362","p","","4/1/22",12,"CE","4/1/22","CE","4","1","2","3","B","4/15/22","TL","OFAV_PP","362",NA,0.343,0.4034,0.198,0.2348,0.1064,0.0464,0.3732,0.2164
"17","OFAV_PP_364","OFAV","PP",NA,NA,NA,NA,NA,NA,NA,NA,NA,NA,NA,NA,NA,NA,NA,NA,NA,"OFAV_PP","364",NA,0.3704,0.4526,0.1946,0.2446,0.1132,0.0352,0.4115,0.2196
"18","OFAV_PP_365","OFAV","PP",17,"10","365","p","","3/7/22",34,"DM TC","3/7/22","?","4","1","2","3","C","4/15/22","TL","OFAV_PP","365",NA,0.4508,0.3444,0.2604,0.2374,0.1192,0.055,0.3976,0.2489
"19","OFAV_PP_366","OFAV","PP",18,"11","366","p","","3/22/22",17,"WD","3/22/22","WD","4","1","2","3","C","4/15/22","TL","OFAV_PP","366",NA,0.3534,0.3588,0.1792,0.1938,0.1112,0.0376,0.3561,0.1865
"20","OFAV_PP_367","OFAV","PP",19,"12","367","p","","3/9/22",20,"WD","3/9/22","WD","4","1","2","3","C","4/15/22","TL","OFAV_PP","367",NA,0.498,0.36,0.2564,0.2156,0.1274,0.0508,0.429,0.236
"21","OFAV_PP_368","OFAV","PP",20,"13","368","p","","3/30/22",33,"DM TC","3/30/22","DM TC","4","1","2","3","B","4/21/22","TL","OFAV_PP","368",NA,0.3954,0.3708,0.2242,0.2382,0.0996,0.0462,0.3831,0.2312
"22","OFAV_PP_369","OFAV","PP",21,"14","369","p","","3/29/22",23,"WD","3/29/22","WD","4","1","2","3","B","4/15/22","TL","OFAV_PP","369",NA,0.3408,0.414,0.1774,0.246,0.1116,0.0522,0.3774,0.2117
"23","OFAV_PP_370","OFAV","PP",22,"15","370","MISSING","MISSING",NA,NA,NA,NA,NA,NA,NA,NA,NA,NA,NA,NA,NA,NA,NA,NA,NA,NA,NA,NA,NA,NA,NA
"24","OFAV_PP_371","OFAV","PP",23,"16","371","p","","3/22/22",15,"WD","3/22/22","WD","4","1","2","3","C","4/21/22","TL","OFAV_PP","371",NA,0.4172,0.4202,0.2312,0.236,0.1302,0.0472,0.4187,0.2336
"25","OFAV_PP_91R44","OFAV","PP",NA,NA,NA,NA,NA,NA,NA,NA,NA,NA,NA,NA,NA,NA,NA,NA,NA,"OFAV_PP","91R44",NA,0.381,0.4358,0.2484,0.2528,0.1378,0.06,0.4084,0.2506
"26","OFAV_PP_9A75","OFAV","PP",NA,NA,NA,NA,NA,NA,NA,NA,NA,NA,NA,NA,NA,NA,NA,NA,NA,"OFAV_PP","9A75",NA,0.5294,0.3482,0.288,0.2334,0.1384,0.0634,0.4388,0.2607
"27","OFAV_PP_9AZ2","OFAV","PP",24,"23","9AZ2","MISSING","MISSING",NA,NA,NA,NA,NA,NA,NA,NA,NA,NA,NA,NA,NA,NA,NA,NA,NA,NA,NA,NA,NA,NA,NA
"28","OFAV_PP_9AZ5","OFAV","PP",25,"24","9AZ5","p","","3/21/22",27,"WD","2/21/22","WD","4","1","2","3","C","4/15/22","TL","OFAV_PP","9AZ5",NA,0.5062,0.3526,0.2982,0.2195,0.1533,0.0633,0.4294,0.25885
"29","OFAV_PP_9AZ9","OFAV","PP",26,"25","9AZ9","p","","3/22/22",22,"WD","3/29/22","WD","4","1","2","3","B","4/15/22","TL","OFAV_PP","9AZ9",NA,0.433,0.4554,0.3014,0.295,0.1688,0.0752,0.4442,0.2982
"30","OFAV_PP_9EV35","OFAV","PP",27,"26","9EV35","p","","4/4/22",42,"DM TC","4/4/22","DM TC","4","1","2","3","B","4/15/22","TL","OFAV_PP","9EV35",NA,0.4172,0.385,0.2244,0.223,0.1188,0.0508,0.4011,0.2237
"31","OFAV_PP_9EV4","OFAV","PP",28,"27","9EV4","p","","4/6/22",30,"DM","4/6/22","DM","4","1","2","3","B","4/15/22","TL","OFAV_PP","9EV4",NA,0.4098,0.4466,0.275,0.2862,0.1344,0.068,0.4282,0.2806
"32","OFAV_PP_9EV40","OFAV","PP",29,"28","9EV40","p","","2/28/22",34,"DM TC","3/28/22","DM TC","4","1","2","3","B","4/15/22","TL","OFAV_PP","9EV40",NA,0.5316,0.4318,0.3082,0.272,0.1738,0.0706,0.4817,0.2901
"33","OFAV_PP_9EV5","OFAV","PP",30,"29","9EV5","p","","3/3/22",11,"DM TC","3/23/22","DM TC","4","1","2","3","C","4/15/22","TL","OFAV_PP","9EV5",NA,0.4724,0.4932,0.2968,0.3168,0.1604,0.0736,0.4828,0.3068
"34","OFAV_PP_9GT35","OFAV","PP",31,"30","9GT35","p","","4/6/22",18,"DM","4/6/22","DM","4","1","2","3","B","4/15/22","TL","OFAV_PP","9GT35",NA,0.3446,0.3568,0.193,0.214,0.084,0.0322,0.3507,0.2035
"35","OFAV_PP_9GT4","OFAV","PP",32,"31","9GT4","p","","3/23/22",15,"DM TC","3/23/22","DM TC","4","1","2","3","C","4/15/22","TL","OFAV_PP","9GT4",NA,0.3826,0.347,0.2296,0.2354,0.0964,0.0474,0.3648,0.2325
"36","OFAV_PP_9GT46","OFAV","PP",33,"32","9GT46","p","","3/9/22",13,"WD","3/9/22","WD","4","1","2","3","C","4/15/22","TL","OFAV_PP","9GT46",NA,0.3694,0.398,0.241,0.2826,0.1256,0.06,0.3837,0.2618
"37","OFAV_PP_9IR44","OFAV","PP",34,"33","9IR44","p","","3/22/22",23,"WD","3/22/22","WD","4","1","2","3","C","4/15/22","TL","OFAV_PP","9IR44",NA,0.4274,0.4138,0.2544,0.2454,0.1338,0.0562,0.4206,0.2499
"38","OFAV_PP_9JQ4","OFAV","PP",35,"34","9JQ4","p","","3/3/22",35,"DM TC","3/9/33","DM TC","4","1","2","3","B","4/21/22","TL","OFAV_PP","9JQ4",NA,0.4002,0.3794,0.2528,0.2202,0.1222,0.0488,0.3898,0.2365
"39","OFAV_PP_9JQ42","OFAV","PP",36,"35","9JQ42","p","","3/21/22",36,"DM TC","3/21/22","DM TC","4","1","2","3","C","4/15/22","TL","OFAV_PP","9JQ42",NA,0.4198,0.344,0.2742,0.241,0.1038,0.0544,0.3819,0.2576
"40","OFAV_PP_9JQ43","OFAV","PP",37,"Others","9JQ43","p","","3/21/22",17,"DM","3/21/22","DM","4","1","2","3","C","4/15/22","TL","OFAV_PP","9JQ43",NA,0.3982,0.358,0.241,0.2298,0.1014,0.0506,0.3781,0.2354
"41","OFAV_PP_9JQ431","OFAV","PP",38,"36","9JQ431","MISSING","MISSING",NA,NA,NA,NA,NA,NA,NA,NA,NA,NA,NA,NA,NA,NA,NA,NA,NA,NA,NA,NA,NA,NA,NA
"42","OFAV_PP_9JQ53","OFAV","PP",39,"37","9JQ53","p","","4/6/22",21,"DM","4/6/22","DM","4","1","2","3","B","4/15/22","TL","OFAV_PP","9JQ53",NA,0.3776,0.5192,0.221,0.2902,0.1458,0.0624,0.4484,0.2556
"43","OFAV_PP_AZ","OFAV","PP",40,"38","AZ","p","","3/30/22",49,"DM TC","3/30/22","DM TC","4","1","2","3","B","4/15/22","TL","OFAV_PP","AZ",NA,0.417,0.459,0.2528,0.256,0.1322,0.0574,0.438,0.2544
"44","OFAV_PP_CX","OFAV","PP",41,"39","CX","p","","3/30/22",17,"DM TC","3/30/22","DM TC","4","1","2","3","B","4/15/22","TL","OFAV_PP","CX",NA,0.3932,0.4632,0.2276,0.2728,0.143,0.056,0.4282,0.2502
"45","OFAV_PP_DW","OFAV","PP",42,"40","DW","p","","3/7/22",25,"WD","3/7/22","WD","4","1","2","3","C","4/21/22","TL","OFAV_PP","DW",NA,0.3512,0.422,0.2196,0.2678,0.1242,0.0536,0.3866,0.2437
"46","OFAV_PS_0HS12","OFAV","PS",NA,NA,NA,NA,NA,NA,NA,NA,NA,NA,NA,NA,NA,NA,NA,NA,NA,"OFAV_PS","0HS12",NA,0.3272,0.4622,0.193,0.2616,0.1074,0.0476,0.3947,0.2273
"47","OFAV_PS_0HS2","OFAV","PS",85,"Others","0HS2","p","","4/21/22",24,"TL","4/21/22","TL","8","7","6","5","E","4/22/22","WD","OFAV_PS","0HS2",NA,0.396,0.3964,0.2282,0.237,0.1242,0.0522,0.3962,0.2326
"48","OFAV_PS_0HS3","OFAV","PS",43,"17","0HS3","p","","4/15/22",34.5,"CE","4/15/22","DM","4","1","2","3","A","4/21/22","TL","OFAV_PS","0HS3",NA,0.3774,0.3782,0.2382,0.2316,0.1054,0.0536,0.3778,0.2349
"49","OFAV_PS_0HS4","OFAV","PS",44,"18","0HS4","p","","4/22/22",15,"WD","4/22/22","WD","8","7","6","5","E","4/28/22","TL","OFAV_PS","0HS4",NA,0.3084,0.3498,0.1768,0.2116,0.079,0.032,0.3291,0.1942
"50","OFAV_PS_2HS12","OFAV","PS",45,"19","2HS12","p","","4/18/22",26,"TL","4/18/22","TL","8","7","6","5","A","4/21/22","TL",NA,NA,NA,NA,NA,NA,NA,NA,NA,NA,NA
"51","OFAV_PS_2HS2","OFAV","PS",46,"20","2HS2","MISSING","MISSING",NA,NA,NA,NA,NA,NA,NA,NA,NA,NA,NA,NA,NA,NA,NA,NA,NA,NA,NA,NA,NA,NA,NA
"52","OFAV_PS_2HS48","OFAV","PS",47,"21","2HS48","p","","4/21/22",16.5,"TL","4/21/22","TL","8","7","6","5","E","4/22/22","WD","OFAV_PS","2HS48",NA,0.4182,0.428,0.2312,0.2518,0.1174,0.047,0.4231,0.2415
"53","OFAV_PS_2HS6","OFAV","PS",48,"22","2HS6","p","","4/15/22",12.5,"CE","4/15/22","CE","4","1","2","3","A","4/22/22","WD","OFAV_PS","2HS6",NA,0.4106,0.42,0.2364,0.2414,0.1248,0.0494,0.4153,0.2389
"54","OFAV_PS_310","OFAV","PS",49,"1","310","p","","4/18/22",18,"TL","4/18/22","TL","4","1","2","3","A","4/22/22","WD","OFAV_PS","310",NA,0.4232,0.4412,0.2146,0.2362,0.1292,0.0486,0.4322,0.2254
"55","OFAV_PS_313","OFAV","PS",50,"2","313","p","","4/22/22",15,"CE","4/22/22","CE","8","7","6","5","E","4/28/22","TL","OFAV_PS","313",NA,0.3882,0.3596,0.2126,0.201,0.108,0.0392,0.3739,0.2068
"56","OFAV_PS_352","OFAV","PS",51,"3","352","p","","4/18/22",20,"WD","4/8/22","CE","4","1","2","3","A","4/21/22","TL","OFAV_PS","352",NA,0.3582,0.3694,0.2252,0.2412,0.0936,0.0458,0.3638,0.2332
"57","OFAV_PS_356","OFAV","PS",52,"4","356","p","","4/18/22",23,"TL","4/18/22","TL","8","7","6","5","A","4/21/22","TL","OFAV_PS","356",NA,0.4958,0.4458,0.2634,0.2286,0.151,0.056,0.4708,0.246
"58","OFAV_PS_357","OFAV","PS",53,"5","357","p","","4/15/22",13,"TL","4/18/22","DM","4","1","2","3","A","4/22/22","WD","OFAV_PS","357",NA,0.4198,0.396,0.2492,0.2312,0.1158,0.0544,0.4079,0.2402
"59","OFAV_PS_358","OFAV","PS",54,"6","358","MISSING","MISSING",NA,NA,NA,NA,NA,NA,NA,NA,NA,NA,NA,NA,NA,NA,NA,NA,NA,NA,NA,NA,NA,NA,NA
"60","OFAV_PS_359","OFAV","PS",55,"7","359","p","","4/22/22",15,"CE","4/22/22","CE","8","7","6","5","E","4/28/22","TL","OFAV_PS","359",NA,0.3858,0.383,0.242,0.2452,0.1036,0.05,0.3844,0.2436
"61","OFAV_PS_360","OFAV","PS",56,"8","360","p","","4/20/22",16,"TL","4/20/22","TL","8","7","6","5","A","4/22/22","WD","OFAV_PS","360",NA,0.3546,0.3304,0.1916,0.1982,0.0882,0.031,0.3425,0.1949
"62","OFAV_PS_362","OFAV","PS",57,"9","362","p ","","4/8/22",14,"WD","4/8/22","CE","4","1","2","3","A","4/22/22","WD","OFAV_PS","362",NA,0.4008,0.381,0.217,0.2134,0.0988,0.043,0.3909,0.2152
"63","OFAV_PS_365_P1","OFAV","PS",58,"10","365","P1","","4/18/22",19,"TL","4/18/22","TL","8","7","6","5","A","4/21/22","TL","OFAV_PS","365","P1",0.4572,0.3886,0.2672,0.2316,0.1368,0.0522,0.4229,0.2494
"64","OFAV_PS_365_P2","OFAV","PS",59,"10","365","P2","","4/22/22",13,"TL","4/22/22","TL","8","7","6","5","E","4/28/22","TL","OFAV_PS","365","P2",0.4426,0.386,0.2294,0.2302,0.1186,0.0512,0.4143,0.2298
"65","OFAV_PS_366","OFAV","PS",60,"11","366","MISSING","MISSING",NA,NA,NA,NA,NA,NA,NA,NA,NA,NA,NA,NA,NA,NA,NA,NA,NA,NA,NA,NA,NA,NA,NA
"66","OFAV_PS_367","OFAV","PS",61,"12","367","p","","4/18/22",26,"TL","4/18/22","TL","8","7","6","5","A","4/22/22","WD","OFAV_PS","367",NA,0.4882,0.412,0.2662,0.2238,0.1456,0.0496,0.4501,0.245
"67","OFAV_PS_368","OFAV","PS",62,"13","368","p","","4/22/22",13,"TL","4/22/22","TL","8","7","6","5","E","4/28/22","TL","OFAV_PS","368",NA,0.3848,0.3892,0.2214,0.2328,0.1104,0.047,0.387,0.2271
"68","OFAV_PS_369","OFAV","PS",63,"14","369","p","","4/8/22",25,"CE","4/8/22","CE","4","2","1","3","A","4/21/22","TL","OFAV_PS","369",NA,0.444,0.4218,0.2452,0.256,0.10987514,0.04664778,0.4329,0.2506
"69","OFAV_PS_370","OFAV","PS",64,"15","370","p","","4/18/22",17,"TL","4/18/22","TL","8","7","6","5","A","4/21/22","TL","OFAV_PS","370",NA,0.305,0.3184,0.1868,0.1758,0.0672,0.03,0.3117,0.1813
"70","OFAV_PS_371","OFAV","PS",65,"16","371","p","","4/21/22",25,"TL","4/21/22","TL","8","7","6","5","E","4/22/22","WD","OFAV_PS","371",NA,0.408,0.3952,0.2198,0.2294,0.1232,0.0462,0.4016,0.2246
"71","OFAV_PS_9AZ2","OFAV","PS",66,"23","9AZ2","MISSING","MISSING",NA,NA,NA,NA,NA,NA,NA,NA,NA,NA,NA,NA,NA,NA,NA,NA,NA,NA,NA,NA,NA,NA,NA
"72","OFAV_PS_9AZ5","OFAV","PS",67,"24","9AZ5","p","","4/22/22",15,"WD","4/22/22","WD","8","7","6","5","E","4/28/22","TL","OFAV_PS","9AZ5",NA,0.425166666666667,0.377166666666667,0.261666666666667,0.209166666666667,0.116,0.0453333333333333,0.401166666666667,0.235416666666667
"73","OFAV_PS_9AZ9","OFAV","PS",68,"25","9AZ9","p","","4/21/22",27.5,"TL","4/21/22","TL","8","7","6","5","E","4/28/22","TL","OFAV_PS","9AZ9",NA,0.425,0.4656,0.2676,0.2708,0.1352,0.0608,0.4453,0.2692
"74","OFAV_PS_9EV35","OFAV","PS",69,"26","9EV35","p","","4/18/22",35,"TC","4/18/22","TL","4","1","2","3","A","4/22/22","WD","OFAV_PS","9EV35",NA,0.4564,0.4732,0.2562,0.284,0.1568,0.0616,0.4648,0.2701
"75","OFAV_PS_9EV4","OFAV","PS",70,"27","9EV4","p","2 tubes! ","4/20/22",55,"DM TC","4/20/22","DM","8","7","6","5","A","4/22/22","WD","OFAV_PS","9EV4",NA,0.4008,0.3874,0.255,0.2498,0.1092,0.0556,0.3941,0.2524
"76","OFAV_PS_9EV40","OFAV","PS",71,"28","9EV40","p","","4/21/22",19.5,"TL","4/21/22","TL","8","7","6","5","E","4/28/22","TL","OFAV_PS","9EV40",NA,0.4748,0.4684,0.2616,0.2696,0.136,0.0558,0.4716,0.2656
"77","OFAV_PS_9EV5","OFAV","PS",72,"29","9EV5","p","","4/15/22",16.5,"DM","4/15/22","DM","4","1","2","3","A","4/22/22","WD","OFAV_PS","9EV5",NA,0.465,0.4362,0.292,0.2838,0.1534,0.0716,0.4506,0.2879
"78","OFAV_PS_9GT35","OFAV","PS",73,"30","9GT35","p","","4/22/22",13,"TL","4/22/22","WD","8","7","6","5","E","4/28/22","TL","OFAV_PS","9GT35",NA,0.4468,0.4046,0.2912,0.2564,0.1364,0.0738,0.4257,0.2738
"79","OFAV_PS_9GT4","OFAV","PS",74,"31","9GT4","p","","4/20/22",34,"DM TC","4/20/22","DM","8","7","6","5","A","4/22/22","WD","OFAV_PS","9GT4",NA,0.3386,0.309,0.2246,0.1924,0.0818,0.039,0.3238,0.2085
"80","OFAV_PS_9GT46","OFAV","PS",75,"32","9GT46","p","","4/22/22",15,"CE","4/22/22","CE","8","7","6","5","E","4/28/22","TL","OFAV_PS","9GT46",NA,0.4056,0.35,0.2436,0.2194,0.1036,0.0442,0.3778,0.2315
"81","OFAV_PS_9IR44","OFAV","PS",76,"33","9IR44","p","","4/15/22",25.2,"CE","4/15/22","CE","4","1","2","3","A","4/22/22","WD","OFAV_PS","9IR44",NA,0.3744,0.4822,0.2106,0.258,0.1376,0.0516,0.4283,0.2343
"82","OFAV_PS_9JQ4","OFAV","PS",77,"34","9JQ4","p","","4/18/22",19,"TL","4/18/22","TL","8","7","6","5","A","4/21/22","TL","OFAV_PS","9JQ4",NA,0.4856,0.424,0.267,0.2608,0.1504,0.0606,0.4548,0.2639
"83","OFAV_PS_9JQ42","OFAV","PS",78,"35","9JQ42","p","","4/22/22",15,"WD","4/22/22","WD","8","7","6","5","E","4/28/22","TL","OFAV_PS","9JQ42",NA,0.3746,0.378,0.238,0.2474,0.105,0.0486,0.3763,0.2427
"84","OFAV_PS_9JQ431","OFAV","PS",79,"36","9JQ431","p","","4/18/22",23,"TL","4/18/22","TL","8","7","6","5","A","4/21/22","TL","OFAV_PS","9JQ431",NA,0.3952,0.3824,0.2166,0.2182,0.1108,0.0456,0.3888,0.2174
"85","OFAV_PS_9JQ53","OFAV","PS",80,"37","9JQ53","p","","4/21/22",15,"TL","4/18/22","Tl","8","7","6","5","E","4/28/22","TL","OFAV_PS","9JQ53",NA,0.4016,0.3782,0.2488,0.2404,0.1074,0.052,0.3899,0.2446
"86","OFAV_PS_AZ","OFAV","PS",81,"38","AZ","p","","4/22/22",14,"TL","4/22/22","WD","8","7","6","5","E","4/28/22","TL","OFAV_PS","AZ",NA,0.4278,0.4058,0.244,0.2592,0.1084,0.053,0.4168,0.2516
"87","OFAV_PS_CX","OFAV","PS",82,"39","CX","p","","4/18/22",24.8,"TC","4/18/22","TL","8","7","6","5","A","4/22/22","WD","OFAV_PS","CX",NA,0.3714,0.4552,0.2072,0.2684,0.1218,0.05,0.4133,0.2378
"88","OFAV_PS_DW","OFAV","PS",83,"40","DW","p","","4/22/22",17,"TL","4/22/22","WD","8","7","6","5","E","4/28/22","TL","OFAV_PS","DW",NA,0.364,0.3838,0.2194,0.2208,0.106,0.0416,0.3739,0.2201
"89","OFAV_PS_EV","OFAV","PS",84,"Others","EV","p","","4/20/22",19,"TL","4/20/22","TL DM","8","7","6","5","A","4/22/22","WD","OFAV_PS","EV",NA,0.4048,0.379,0.2452,0.2398,0.1268,0.0566,0.3919,0.2425
"90","OFAV_SP_0AZ24","OFAV","SP",86,"others","0AZ24","p","","2/24/22",36,"TL LZ","2/24/22","TL LZ","4","1","2","3","D","4/12/22","TL","OFAV_SP","0AZ24",NA,0.4546,0.432,0.2772,0.2576,0.1448,0.061,0.4433,0.2674
"91","OFAV_SP_0AZ4","OFAV","SP",87,"1","0AZ4","p","","2/18/22",27.3,"CE","2/18/22","CE","4","1","2","3","D","4/12/22","TL","OFAV_SP","0AZ4",NA,0.3456,0.3786,0.2394,0.2464,0.1066,0.0516,0.3621,0.2429
"92","OFAV_SP_0DW46","OFAV","SP",88,"2","0DW46","MISSING","MISSING",NA,NA,NA,NA,NA,NA,NA,NA,NA,NA,NA,NA,NA,NA,NA,NA,NA,NA,NA,NA,NA,NA,NA
"93","OFAV_SP_0EV1","OFAV","SP",89,"3","0EV1","MISSING","MISSING",NA,NA,NA,NA,NA,NA,NA,NA,NA,NA,NA,NA,NA,NA,NA,NA,NA,NA,NA,NA,NA,NA,NA
"94","OFAV_SP_0EV3_P1","OFAV","SP",90,"4","0EV3","P1","","1/26/22",27,"WD","1/26/22","WD","4","1","2","3","D","4/12/22","TL","OFAV_SP","0EV3","P1",0.372,0.3596,0.2066,0.1976,0.0998,0.0366,0.3658,0.2021
"95","OFAV_SP_0EV3_P2","OFAV","SP",91,"4","0EV3","P2","","3/4/22",10.5,"CE","3/4/22","CE","4","1","2","3","D","4/12/22","TL","OFAV_SP","0EV3","P2",0.3506,0.4154,0.1706,0.2538,0.1156,0.0412,0.383,0.2122
"96","OFAV_SP_0EV35","OFAV","SP",NA,NA,NA,NA,NA,NA,NA,NA,NA,NA,NA,NA,NA,NA,NA,NA,NA,"OFAV_SP","0EV35",NA,0.3478,0.2986,0.2056,0.1916,0.0876,0.0356,0.3232,0.1986
"97","OFAV_SP_1AZ5","OFAV","SP",92,"5","1AZ5","MISSING","MISSING",NA,NA,NA,NA,NA,NA,NA,NA,NA,NA,NA,NA,NA,NA,NA,NA,NA,NA,NA,NA,NA,NA,NA
"98","OFAV_SP_2AZ2","OFAV","SP",93,"6","2AZ2","MISSING","MISSING",NA,NA,NA,NA,NA,NA,NA,NA,NA,NA,NA,NA,NA,NA,NA,NA,NA,NA,NA,NA,NA,NA,NA
"99","OFAV_SP_2AZ21_P1","OFAV","SP",94,"7","2AZ21","P1","","1/26/22",13,"TL","1/26/22","TL","4","1","2","3","D","4/12/22","TL","OFAV_SP","2AZ21","P1",0.3416,0.3342,0.2066,0.1988,0.094,0.0372,0.3379,0.2027
"100","OFAV_SP_2AZ21_P2","OFAV","SP",95,"7","2AZ21","P2","","3/4/22",20,"WD","3/4/22","CE","4","1","2","3","D","4/12/22","TL","OFAV_SP","2AZ21","P2",0.3688,0.381,0.229,0.2158,0.1166,0.048,0.3749,0.2224
"101","OFAV_SP_2AZ3","OFAV","SP",96,"8","2AZ3","MISSING","MISSING",NA,NA,NA,NA,NA,NA,NA,NA,NA,NA,NA,NA,NA,NA,NA,NA,NA,NA,NA,NA,NA,NA,NA
"102","OFAV_SP_2AZ7_P1","OFAV","SP",97,"9","2AZ7","P1","","1/26/22",13,"WD","1/26/22","WD","4","1","2","3","D","4/12/22","TL",NA,NA,NA,NA,NA,NA,NA,NA,NA,NA,NA
"103","OFAV_SP_2AZ7_P2","OFAV","SP",98,"9","2AZ7","P2","","2/23/22",55.5,"DM TC","2/23/22","DM TC","4","1","2","3","D","4/12/22","TL","OFAV_SP","2AZ7","P2",0.425,0.3472,0.2356,0.1922,0.116,0.0424,0.3861,0.2139
"104","OFAV_SP_2AZ7_P3","OFAV","SP",99,"9","2AZ7","P3","","3/2/22",21,"DM TC","3/2/22","DM TC","4","1","2","3","D","4/12/22","TL","OFAV_SP","2AZ7","P3",0.3138,0.3356,0.213,0.2096,0.0836,0.0384,0.3247,0.2113
"105","OFAV_SP_2AZ7_P4","OFAV","SP",100,"9","2AZ7","P4","","3/2/22",12.5,"CE","3/2/22","CE","4","1","2","3","D","4/12/22","TL","OFAV_SP","2AZ7","P4",0.3056,0.3376,0.205,0.2152,0.0866,0.0394,0.3216,0.2101
"106","OFAV_SP_2DW40","OFAV","SP",101,"10","2DW40","MISSING","MISSING",NA,NA,NA,NA,NA,NA,NA,NA,NA,NA,NA,NA,NA,NA,NA,NA,NA,NA,NA,NA,NA,NA,NA
"107","OFAV_SP_2DW44","OFAV","SP",102,"11","2DW44","MISSING","MISSING",NA,NA,NA,NA,NA,NA,NA,NA,NA,NA,NA,NA,NA,NA,NA,NA,NA,NA,NA,NA,NA,NA,NA
"108","OFAV_SP_2EV10","OFAV","SP",103,"12","2EV10","MISSING","MISSING",NA,NA,NA,NA,NA,NA,NA,NA,NA,NA,NA,NA,NA,NA,NA,NA,NA,NA,NA,NA,NA,NA,NA
"109","OFAV_SP_2EV24","OFAV","SP",NA,NA,NA,NA,NA,NA,NA,NA,NA,NA,NA,NA,NA,NA,NA,NA,NA,"OFAV_SP","2EV24",NA,0.3852,0.3982,0.2038,0.2356,0.1256,0.0478,0.3917,0.2197
"110","OFAV_SP_2EV3","OFAV","SP",104,"13","2EV3","MISSING","MISSING",NA,NA,NA,NA,NA,NA,NA,NA,NA,NA,NA,NA,NA,NA,NA,NA,NA,NA,NA,NA,NA,NA,NA
"111","OFAV_SP_2EV30","OFAV","SP",105,"14","2EV30","MISSING","MISSING",NA,NA,NA,NA,NA,NA,NA,NA,NA,NA,NA,NA,NA,NA,NA,NA,NA,NA,NA,NA,NA,NA,NA
"112","OFAV_SP_2EV34","OFAV","SP",106,"15","2EV34","MISSING","MISSING",NA,NA,NA,NA,NA,NA,NA,NA,NA,NA,NA,NA,NA,NA,NA,NA,NA,NA,NA,NA,NA,NA,NA
"113","OFAV_SP_2EV36","OFAV","SP",107,"16","2EV36","MISSING","MISSING",NA,NA,NA,NA,NA,NA,NA,NA,NA,NA,NA,NA,NA,NA,NA,NA,NA,NA,NA,NA,NA,NA,NA
"114","OFAV_SP_2EV44","OFAV","SP",108,"17","2EV44","MISSING","MISSING",NA,NA,NA,NA,NA,NA,NA,NA,NA,NA,NA,NA,NA,NA,NA,NA,NA,NA,NA,NA,NA,NA,NA
"115","OFAV_SP_2EV6","OFAV","SP",109,"18","2EV6","MISSING","MISSING",NA,NA,NA,NA,NA,NA,NA,NA,NA,NA,NA,NA,NA,NA,NA,NA,NA,NA,NA,NA,NA,NA,NA
"116","OFAV_SP_2GT7","OFAV","SP",110,"Others","2GT7","MISSING","MISSING",NA,NA,NA,NA,NA,NA,NA,NA,NA,NA,NA,NA,NA,NA,NA,NA,NA,NA,NA,NA,NA,NA,NA
"117","OFAV_SP_2JQ31","OFAV","SP",NA,NA,NA,NA,NA,NA,NA,NA,NA,NA,NA,NA,NA,NA,NA,NA,NA,"OFAV_SP","2JQ31",NA,0.3796,0.4348,0.2468,0.2574,0.1162,0.0556,0.4072,0.2521
"118","OFAV_SP_2JQ31_P1","OFAV","SP",111,"19","2JQ31","P1","","2/24/22",32.5,"TL LZ","2/24/22","TL LZ","4","1","2","3","D","4/12/22","TL",NA,NA,NA,NA,NA,NA,NA,NA,NA,NA,NA
"119","OFAV_SP_2JQ31_P2","OFAV","SP",112,"19","2JQ31","P2","","2/23/22",7,"WD","2/23/22","WD","4","1","2","3","D","4/12/22","TL","OFAV_SP","2JQ31","P2",0.4262,0.385,0.2688,0.2632,0.127,0.055,0.4056,0.266
"120","OFAV_SP_2JQ31_P3","OFAV","SP",113,"19","2JQ31","P3","","3/2/22",22,"WD","3/2/22","WD","4","1","2","3","D","4/12/22","TL",NA,NA,NA,NA,NA,NA,NA,NA,NA,NA,NA
"121","OFAV_SP_2JQ31_P4","OFAV","SP",NA,NA,NA,NA,NA,NA,NA,NA,NA,NA,NA,NA,NA,NA,NA,NA,NA,"OFAV_SP","2JQ31","P4",0.3836,0.3782,0.2296,0.2488,0.122,0.053,0.3809,0.2392
"122","OFAV_SP_2JQ6","OFAV","SP",114,"20","2JQ6","MISSING","MISSING",NA,NA,NA,NA,NA,NA,NA,NA,NA,NA,NA,NA,NA,NA,NA,NA,NA,NA,NA,NA,NA,NA,NA
"123","OFAV_SP_2JQ8","OFAV","SP",115,"21","2JQ8","p","","3/2/22",18,"WD","3/2/22","WD","4","1","2","3","D","4/12/22","TL","OFAV_SP","2JQ8",NA,0.3244,0.3656,0.2218,0.2264,0.1166,0.0476,0.345,0.2241
"124","OFAV_SP_3AZ4","OFAV","SP",116,"22","3AZ4","MISSING","MISSING",NA,NA,NA,NA,NA,NA,NA,NA,NA,NA,NA,NA,NA,NA,NA,NA,NA,NA,NA,NA,NA,NA,NA
"125","OFAV_SP_3EV30","OFAV","SP",NA,NA,NA,NA,NA,NA,NA,NA,NA,NA,NA,NA,NA,NA,NA,NA,NA,"OFAV_SP","3EV30",NA,0.3232,0.353,0.2158,0.238,0.1002,0.0458,0.3381,0.2269
"126","OFAV_SP_3EV30_P1","OFAV","SP",117,"23","3EV30","P1","","1/26/22",12,"TL","1/26/22","TL","4","1","2","3","D","4/12/22","TL",NA,NA,NA,NA,NA,NA,NA,NA,NA,NA,NA
"127","OFAV_SP_3EV30_P2","OFAV","SP",118,"23","3EV30","P2","","3/2/22",27,"WD","3/2/22","WD","4","1","2","3","D","4/12/22","TL",NA,NA,NA,NA,NA,NA,NA,NA,NA,NA,NA
"128","OFAV_SP_3EV30_P3","OFAV","SP",119,"23","3EV30","P3","","3/4/22",13,"WD","3/4/22","WD","?","?","?","?","D","4/12/22","TL","OFAV_SP","3EV30","P3",0.3,0.3274,0.215,0.2236,0.0816,0.0386,0.3137,0.2193
"129","OFAV_SP_3EV30_P4","OFAV","SP",120,"23","3EV30","P4","There were two pieces wrapped in one piece of tinfoil, so there are probably only 3 tubes of airbrushed tissue. ",NA,NA,NA,NA,NA,NA,NA,NA,NA,NA,NA,NA,NA,NA,NA,NA,NA,NA,NA,NA,NA,NA,NA
"130","OFAV_SP_3EV31_P3","OFAV","SP",121,"24","3EV31","P3","",NA,NA,NA,NA,NA,NA,NA,NA,NA,NA,NA,NA,NA,NA,NA,NA,NA,NA,NA,NA,NA,NA,NA
"131","OFAV_SP_3JQ1","OFAV","SP",NA,NA,NA,NA,NA,NA,NA,NA,NA,NA,NA,NA,NA,NA,NA,NA,NA,"OFAV_SP","3JQ1",NA,0.31,0.375,0.178,0.2246,0.0996,0.0412,0.3425,0.2013
"132","OFAV_SP_3JQ1_P1","OFAV","SP",122,"24","3JQ1","P1","","1/27/22",10,"WD","1/27/22","WD","4","1","2","3","D","4/12/22","TL",NA,NA,NA,NA,NA,NA,NA,NA,NA,NA,NA
"133","OFAV_SP_3JQ1_P2","OFAV","SP",123,"24","3JQ1","P2","","3/2/22",36,"DM TC","3/2/22","DM TC","4","1","2","3","D","4/12/22","TL","OFAV_SP","3JQ1","P2",0.2928,0.3076,0.2098,0.21,0.0836,0.0448,0.3002,0.2099
"134","OFAV_SP_3JQ1_P3","OFAV","SP",124,"24","3JQ1","P3","","3/4/22",11.5,"CE","3/4/22","CE","4","1","2","3","D","4/12/22","TL","OFAV_SP","3JQ1","P3",0.351,0.3774,0.251,0.2572,0.1018,0.054,0.3642,0.2541
"135","OFAV_SP_3JQ1_P4","OFAV","SP",125,"24","3JQ1","P4","","3/4/22",20,"WD","3/4/22","CE","4","1","2","3","D","4/12/22","TL","OFAV_SP","3JQ1","P4",0.3904,0.3998,0.2068,0.2534,0.1396,0.0492,0.3951,0.2301
"136","OFAV_SP_3JQ10","OFAV","SP",126,"others","3JQ10","p","","3/12/22",12,"CE","3/21/22","CE","4","1","2","3","D","4/12/22","TL","OFAV_SP","3JQ10",NA,0.3526,0.418,0.2302,0.2612,0.1208,0.0526,0.3853,0.2457
"137","OFAV_SP_4DW11","OFAV","SP",127,"25","4DW11","p","","1/27/22",10,"WD","1/27/22","WD","4","1","2","3","D","4/12/22","TL","OFAV_SP","4DW11",NA,0.4444,0.3836,0.2292,0.2258,0.138,0.0524,0.414,0.2275
"138","OFAV_SP_4DW14","OFAV","SP",128,"26","4DW14","MISSING","MISSING",NA,NA,NA,NA,NA,NA,NA,NA,NA,NA,NA,NA,NA,NA,NA,NA,NA,NA,NA,NA,NA,NA,NA
"139","OFAV_SP_4EV1","OFAV","SP",129,"Others","4EV1","MISSING","MISSING",NA,NA,NA,NA,NA,NA,NA,NA,NA,NA,NA,NA,NA,NA,NA,NA,NA,NA,NA,NA,NA,NA,NA
"140","OFAV_SP_4EV14","OFAV","SP",130,"27","4EV14","MISSING","MISSING",NA,NA,NA,NA,NA,NA,NA,NA,NA,NA,NA,NA,NA,NA,NA,NA,NA,NA,NA,NA,NA,NA,NA
"141","OFAV_SP_4EV15","OFAV","SP",131,"28","4EV15","p","","2/18/22",28,"CE","2/18/22","ZB","4",NA,"2","3","D","4/12/22","TL","OFAV_SP","4EV15",NA,0.3584,0.3292,0.235,0.2102,0.087,0.0408,0.3438,0.2226
"142","OFAV_SP_4JQ12","OFAV","SP",132,"29","4JQ12","MISSING","MISSING",NA,NA,NA,NA,NA,NA,NA,NA,NA,NA,NA,NA,NA,NA,NA,NA,NA,NA,NA,NA,NA,NA,NA
"143","OFAV_SP_6JQ16","OFAV","SP",133,"30","6JQ16","p","","2/18/22",22.5,"CE","2/18/22","MG","4","1","2","3","D","4/12/22","TL","OFAV_SP","6JQ16",NA,0.3146,0.3864,0.2242,0.268,0.1118,0.0552,0.3505,0.2461
"144","OFAV_SP_8EV24","OFAV","SP",134,"31","8EV24","p","","2/23/22",7,"wd","2/23/22","wd","4","1","2","3","D","4/12/22","TL","OFAV_SP","8EV24",NA,0.3938,0.3668,0.2432,0.277,0.1162,0.0678,0.3803,0.2601
"145","OFAV_SP_9AZ10","OFAV","SP",135,"32","9AZ10","MISSING","MISSING",NA,NA,NA,NA,NA,NA,NA,NA,NA,NA,NA,NA,NA,NA,NA,NA,NA,NA,NA,NA,NA,NA,NA
"146","OFAV_SP_9AZ7","OFAV","SP",136,"33","9AZ7","MISSING","MISSING",NA,NA,NA,NA,NA,NA,NA,NA,NA,NA,NA,NA,NA,NA,NA,NA,NA,NA,NA,NA,NA,NA,NA
"147","OFAV_SP_9AZ81","OFAV","SP",137,"34","9AZ81","MISSING","MISSING",NA,NA,NA,NA,NA,NA,NA,NA,NA,NA,NA,NA,NA,NA,NA,NA,NA,NA,NA,NA,NA,NA,NA
"148","OFAV_SP_9DW32","OFAV","SP",138,"35","9DW32","MISSING","MISSING",NA,NA,NA,NA,NA,NA,NA,NA,NA,NA,NA,NA,NA,NA,NA,NA,NA,NA,NA,NA,NA,NA,NA
"149","OFAV_SP_9DW37","OFAV","SP",139,"36","9DW37","MISSING","MISSING",NA,NA,NA,NA,NA,NA,NA,NA,NA,NA,NA,NA,NA,NA,NA,NA,NA,NA,NA,NA,NA,NA,NA
"150","OFAV_SP_9EV2","OFAV","SP",140,"37","9EV2","p","","3/4/22",12.5,"CE","3/4/22","CE","4","1","2","3","D","4/12/22","TL","OFAV_SP","9EV2",NA,0.3308,0.4068,0.2166,0.2348,0.1174,0.0476,0.3688,0.2257
"151","OFAV_SP_9EV41","OFAV","SP",141,"38","9EV41","MISSING","MISSING",NA,NA,NA,NA,NA,NA,NA,NA,NA,NA,NA,NA,NA,NA,NA,NA,NA,NA,NA,NA,NA,NA,NA
"152","OFAV_SP_9JQ5","OFAV","SP",142,"39","9JQ5","MISSING","MISSING",NA,NA,NA,NA,NA,NA,NA,NA,NA,NA,NA,NA,NA,NA,NA,NA,NA,NA,NA,NA,NA,NA,NA
"153","OFAV_SP_DEV35","OFAV","SP",143,"Others","DEV35","p","","2/23/22",7,"WD","2/23/22","WD","4","1","2","3","D","4/12/22","TL","OFAV_SP","DEV35",NA,0.4296,0.3468,0.2594,0.2368,0.1398,0.0576,0.3882,0.2481
"154","OFAV_SP_EV","OFAV","SP",144,"Others","EV","p","","3/2/22",158,"CE","3/2/22","CE","4","1","2","3","D","4/12/22","TL","OFAV_SP","EV",NA,0.391,0.431,0.2566,0.2882,0.1362,0.0694,0.411,0.2724
"155","OFAV_SP_JQ1","OFAV","SP",145,"40","JQ1","MISSING","MISSING",NA,NA,NA,NA,NA,NA,NA,NA,NA,NA,NA,NA,NA,NA,NA,NA,NA,NA,NA,NA,NA,NA,NA
"156","OFAV_SS_0AZ4","OFAV","SS",146,"1","0AZ4","p","","5/4/22",22,"TL","5/4/22","TL","8","7","6","5","G","5/11/22","TL","OFAV_SS","0AZ4",NA,0.3438,0.3872,0.2088,0.2418,0.0972,0.0474,0.3655,0.2253
"157","OFAV_SS_0DW46","OFAV","SS",147,"2","0DW46","p","","4/29/22",13,"CE","4/29/22","WD","8","7","6","5","F","5/11/22","TL","OFAV_SS","0DW46",NA,0.4468,0.385,0.2458,0.2274,0.1304,0.0486,0.4159,0.2366
"158","OFAV_SS_0EV1","OFAV","SS",148,"3","0EV1","MISSING","MISSING",NA,NA,NA,NA,NA,NA,NA,NA,NA,NA,NA,NA,NA,NA,NA,NA,NA,NA,NA,NA,NA,NA,NA
"159","OFAV_SS_0EV3","OFAV","SS",149,"4","0EV3","p","","4/25/22",34.5,"DM TC","4/25/22","DM TC","8","7","6","5","F","5/11/22","TL","OFAV_SS","0EV3",NA,0.3236,0.3402,0.1972,0.2006,0.0812,0.0352,0.3319,0.1989
"160","OFAV_SS_1AZ5","OFAV","SS",150,"5","1AZ5","p","may not be enough calice, very overgrown with calcareous algae ","4/26/22",15.5,"TL","4/26/22","TL","8","7","6","5","F","5/11/22","TL","OFAV_SS","1AZ5",NA,0.392666666666667,0.426333333333333,0.216,0.227,0.117,0.0496666666666667,0.4095,0.2215
"161","OFAV_SS_2AZ2","OFAV","SS",151,"6","2AZ2","p","","5/4/22",15,"TL","5/4/22","TL","8","7","6","5","G","5/11/22","TL","OFAV_SS","2AZ2",NA,0.4276,0.3786,0.2154,0.1852,0.1248,0.038,0.4031,0.2003
"162","OFAV_SS_2AZ21","OFAV","SS",152,"7","2AZ21","p","","4/28/22",17,"TL","4/28/22","TL","8","7","6","5","G","5/11/22","TL","OFAV_SS","2AZ21",NA,0.3428,0.3678,0.2162,0.227,0.091,0.0434,0.3553,0.2216
"163","OFAV_SS_2AZ3","OFAV","SS",153,"8","2AZ3","MISSING","MISSING",NA,NA,NA,NA,NA,NA,NA,NA,NA,NA,NA,NA,NA,NA,NA,NA,NA,NA,NA,NA,NA,NA,NA
"164","OFAV_SS_2AZ7_P1","OFAV","SS",154,"9","2AZ7","P1","","5/4/22",14.5,"TL","5/4/22","TL","8","7","6","5","G","5/11/22","TL","OFAV_SS","2AZ7","P1",0.3638,0.3518,0.2092,0.2142,0.1018,0.0448,0.3578,0.2117
"165","OFAV_SS_2AZ7_P2","OFAV","SS",155,"9","2AZ7","P2","","5/4/22",24.5,"TL","5/4/22","TL","8","7","6","5","G","5/13/22","TL","OFAV_SS","2AZ7","P2",0.3094,0.3266,0.1752,0.192,0.0798,0.034,0.318,0.1836
"166","OFAV_SS_2DW40","OFAV","SS",156,"10","2DW40","p","","5/4/22",15,"TL","5/4/22","TL","8","7","6","5","G","5/11/22","TL","OFAV_SS","2DW40",NA,0.3926,0.3718,0.1766,0.2268,0.1048,0.0472,0.3822,0.2017
"167","OFAV_SS_2DW44","OFAV","SS",157,"11","2DW44","p","","4/26/22",22.5,"TL","4/26/22","TL","8","7","6","5","F","5/11/22","TL","OFAV_SS","2DW44",NA,0.3218,0.3304,0.1674,0.1958,0.082,0.0302,0.3261,0.1816
"168","OFAV_SS_2EV10","OFAV","SS",158,"12","2EV10","p","","4/22/22",30,"DM TC","4/22/22","DM TC","8","7","6","5","F","5/11/22","TL","OFAV_SS","2EV10",NA,0.3428,0.3608,0.1756,0.2074,0.0964,0.0354,0.3518,0.1915
"169","OFAV_SS_2EV3","OFAV","SS",159,"13","2EV3","p","","4/25/22",17,"DM TC","5/25/22","DM","8","7","6","5","F","5/11/22","TL","OFAV_SS","2EV3",NA,0.3938,0.4076,0.2268,0.2514,0.1232,0.0564,0.4007,0.2391
"170","OFAV_SS_2EV30","OFAV","SS",160,"14","2EV30","p","","4/27/22",30.5,"DM TC","4/27/22","DM TC","8","7","6","5","F","5/11/22","TL","OFAV_SS","2EV30",NA,0.3914,0.3784,0.201,0.2386,0.1108,0.0466,0.3849,0.2198
"171","OFAV_SS_2EV34","OFAV","SS",161,"15","2EV34","p","","4/25/22",37,"DM TC","4/25/22","DM","8","7","6","5","F","5/11/22","TL","OFAV_SS","2EV34",NA,0.391,0.3662,0.2322,0.248,0.1176,0.0522,0.3786,0.2401
"172","OFAV_SS_2EV36","OFAV","SS",162,"16","2EV36","p","","4/28/22",17,"TL","4/28/22","TL","8","7","6","5","G","5/11/22","TL","OFAV_SS","2EV36",NA,0.394,0.3514,0.2336,0.2006,0.1124,0.0406,0.3727,0.2171
"173","OFAV_SS_2EV44","OFAV","SS",163,"17","2EV44","p","","5/4/22",23,"TL","5/4/22","TL","8","7","6","5","G","5/11/22","TL","OFAV_SS","2EV44",NA,0.2508,0.264,0.1068,0.1528,0.0568,0.0152,0.2574,0.1298
"174","OFAV_SS_2EV6","OFAV","SS",164,"18","2EV6","p","","4/25/22",22.5,"DM TC","4/25/22","DM TC","8","7","6","5","F","5/11/22","TL","OFAV_SS","2EV6",NA,0.3928,0.3626,0.2278,0.2344,0.1206,0.0518,0.3777,0.2311
"175","OFAV_SS_2JQ31","OFAV","SS",165,"19","2JQ31","p","","5/4/22",12.5,"TL","5/4/22","TL","8","7","6","5","G","5/11/22","TL","OFAV_SS","2JQ31",NA,0.3852,0.415,0.2298,0.2524,0.1298,0.0562,0.4001,0.2411
"176","OFAV_SS_2JQ6","OFAV","SS",166,"20","2JQ6","p","","4/28/22",24,"TL","4/28/22","TL","8","7","6","5","G","5/11/22","TL","OFAV_SS","2JQ6",NA,0.4366,0.408,0.2722,0.261,0.1298,0.0584,0.4223,0.2666
"177","OFAV_SS_2JQ8","OFAV","SS",167,"21","2JQ8","p","","4/26/22",17,"TL","4/26/22","TL","8","7","6","5","F","5/11/22","TL","OFAV_SS","2JQ8",NA,0.352,0.3512,0.1998,0.2226,0.099,0.0412,0.3516,0.2112
"178","OFAV_SS_3AZ4","OFAV","SS",168,"22","3AZ4","MISSING","MISSING",NA,NA,NA,NA,NA,NA,NA,NA,NA,NA,NA,NA,NA,NA,NA,NA,NA,NA,NA,NA,NA,NA,NA
"179","OFAV_SS_3EV30","OFAV","SS",169,"23","3EV30","p","","4/22/22",33,"DM TC","4/22/22","DM TC","8","7","6","5","F","5/13/22","TL","OFAV_SS","3EV30",NA,0.3182,0.3214,0.1792,0.1974,0.0792,0.0302,0.3198,0.1883
"180","OFAV_SS_3JQ1_P1","OFAV","SS",170,"24","3JQ1","P1","These both might be labeled as 2","4/28/22",18,"TL","4/28/22","TL","8","7","6","5","G","5/11/22","TL","OFAV_SS","3JQ1","P1",0.3178,0.2828,0.1862,0.2062,0.082,0.0348,0.3003,0.1962
"181","OFAV_SS_3JQ1_P2","OFAV","SS",171,"24","3JQ1","P2","These both might be labeled as 2","4/29/22",12.5,"CE","4/29/22","WD","8","7","6","5","F","5/11/22","TL","OFAV_SS","3JQ1","P2",0.4012,0.4786,0.2358,0.3184,0.1596,0.0718,0.4399,0.2771
"182","OFAV_SS_4243","OFAV","SS",NA,NA,NA,NA,NA,NA,NA,NA,NA,NA,NA,NA,NA,NA,NA,NA,NA,"OFAV_SS","4243",NA,0.368,0.381,0.216,0.2348,0.1098,0.0522,0.3745,0.2254
"183","OFAV_SS_4DW11","OFAV","SS",172,"25","4DW11","p","","4/27/22",22.5,"DM TC","4/27/22","DM TC","8","7","6","5","F","5/13/22","TL","OFAV_SS","4DW11",NA,0.3022,0.3056,0.174,0.194,0.0676,0.0328,0.3039,0.184
"184","OFAV_SS_4DW14","OFAV","SS",173,"26","4DW14","p","","4/28/22",16.5,"TL","4/28/22","TL","8","7","6","5","G","5/13/22","TL","OFAV_SS","4DW14",NA,0.391,0.379,0.2376,0.2354,0.109,0.0488,0.385,0.2365
"185","OFAV_SS_4EV14","OFAV","SS",174,"27","4EV14","p","","4/25/22",24.5,"DM TC","4/25/22","DM TC","8","7","6","5","F","5/11/22","TL","OFAV_SS","4EV14",NA,0.4246,0.3854,0.2248,0.2142,0.1268,0.0438,0.405,0.2195
"186","OFAV_SS_4EV15","OFAV","SS",175,"28","4EV15","p","","5/4/22",20,"TL","5/4/22","TL","8","7","6","5","G","5/11/22","TL","OFAV_SS","4EV15",NA,0.37,0.3592,0.2082,0.1926,0.108,0.0416,0.3646,0.2004
"187","OFAV_SS_4JQ12","OFAV","SS",176,"29","4JQ12","p","","4/25/22",17,"DM TC","4/25/22","DM","8","7","6","5","F","5/11/22","TL","OFAV_SS","4JQ12",NA,0.3868,0.4024,0.2566,0.2488,0.1218,0.0554,0.3946,0.2527
"188","OFAV_SS_6JQ16","OFAV","SS",177,"30","6JQ16","p","accidentally got labeled as 9JQ16","4/26/22",23,"TL","4/26/22","TL","8","7","6","5","F","5/11/22","TL","OFAV_SS","6JQ16",NA,0.3556,0.366,0.2184,0.2214,0.0996,0.0448,0.3608,0.2199
"189","OFAV_SS_8EV24","OFAV","SS",178,"31","8EV24","p","","5/4/22",20,"TL","5/4/22","TL","8","7","6","5","G","5/11/22","TL","OFAV_SS","8EV24",NA,0.36,0.3644,0.2038,0.2332,0.1,0.0468,0.3622,0.2185
"190","OFAV_SS_9AZ10","OFAV","SS",179,"32","9AZ10","p","","4/29/22",12.5,"CE","4/29/22","WD","8","7","6","5","F","5/11/22","TL","OFAV_SS","9AZ10",NA,0.3102,0.3648,0.2102,0.2262,0.0924,0.0424,0.3375,0.2182
"191","OFAV_SS_9AZ7","OFAV","SS",180,"33","9AZ7","p","","4/26/22",20.5,"TL","4/26/22","TL","8","7","6","5","F","5/13/22","TL","OFAV_SS","9AZ7",NA,0.2868,0.2954,0.1628,0.1744,0.0634,0.0252,0.2911,0.1686
"192","OFAV_SS_9AZ81","OFAV","SS",NA,NA,NA,NA,NA,NA,NA,NA,NA,NA,NA,NA,NA,NA,NA,NA,NA,"OFAV_SS","9AZ81",NA,0.3712,0.3618,0.2364,0.2292,0.11,0.0506,0.3665,0.2328
"193","OFAV_SS_9AZ81_P1","OFAV","SS",181,"34","9AZ81","P1","Lots of skeleton","4/25/22",42,"DM TC","4/25/22","DM","8","7","6","5","F","5/11/22","TL","OFAV_SS","9AZ81","P1",0.3728,0.3538,0.2364,0.2506,0.1082,0.0502,0.3633,0.2435
"194","OFAV_SS_9DW32","OFAV","SS",182,"35","9DW32","MISSING","MISSING",NA,NA,NA,NA,NA,NA,NA,NA,NA,NA,NA,NA,NA,NA,NA,NA,NA,NA,NA,NA,NA,NA,NA
"195","OFAV_SS_9DW37","OFAV","SS",NA,NA,NA,NA,NA,NA,NA,NA,NA,NA,NA,NA,NA,NA,NA,NA,NA,"OFAV_SS","9DW37",NA,0.39375,0.3665,0.2275,0.2245,0.0985,0.04525,0.380125,0.226
"196","OFAV_SS_9DW37_P1","OFAV","SS",183,"36","9DW37","P1","Two pieces! ","4/26/22",22,"TL","4/26/22","TL","8","7","6","5","F","5/11/22","TL","OFAV_SS","9DW37","P1",0.33,0.3646,0.2188,0.2352,0.094,0.048,0.3473,0.227
"197","OFAV_SS_9DW37_P2","OFAV","SS",184,"36","9DW37","P2","Two pieces! ","4/27/22",12,"TL","4/26/22","TL","8","7","6","5","F","5/11/22","TL","OFAV_SS","9DW37","P2",0.3334,0.3354,0.2166,0.2144,0.0986,0.0396,0.3344,0.2155
"198","OFAV_SS_9EV2","OFAV","SS",NA,NA,NA,NA,NA,NA,NA,NA,NA,NA,NA,NA,NA,NA,NA,NA,NA,"OFAV_SS","9EV2",NA,0.2934,0.3334,0.1662,0.1928,0.0774,0.0326,0.3134,0.1795
"199","OFAV_SS_9EV2_P1","OFAV","SS",185,"37","9EV2","P1","","4/25/22",37,"DM TC","4/25/22","DM TC","8","7","6","5","F","5/13/22","TL","OFAV_SS","9EV2","P1",0.305,0.3738,0.1908,0.2194,0.091,0.038,0.3394,0.2051
"200","OFAV_SS_9EV41","OFAV","SS",186,"38","9EV41","p","","4/26/22",26,"TL","4/26/22","TL","8","7","6","5","F","5/11/22","TL","OFAV_SS","9EV41",NA,0.4392,0.4416,0.2498,0.2686,0.162,0.0646,0.4404,0.2592
"201","OFAV_SS_9JQ5","OFAV","SS",187,"39","9JQ5","p","","5/4/22",16.5,"TL","5/4/22","TL","8","7","6","5","G","5/11/22","TL","OFAV_SS","9JQ5",NA,0.4206,0.3962,0.244,0.254,0.1216,0.0522,0.4084,0.249
"202","OFAV_SS_JQ1","OFAV","SS",188,"40","JQ1","MISSING","MISSING",NA,NA,NA,NA,NA,NA,NA,NA,NA,NA,NA,NA,NA,NA,NA,NA,NA,NA,NA,NA,NA,NA,NA
"203","OFRA_PP_0CX4","OFRA","PP",189,"1","0CX4","p","","6/6/22",11.5,"HLE","6/6/22","HLE","9","10","11","12","K","6/7/21","HLE","OFRA_PP","0CX4",NA,0.4518,0.4444,0.2908,0.3028,0.1602,0.0838,0.4481,0.2968
"204","OFRA_PP_0CX5","OFRA","PP",190,"2","0CX5","p","","5/17/22",17.5,"TL","5/17/22","TL","9","10","11","12","J","5/25/22","HLE","OFRA_PP","0CX5",NA,0.4902,0.3576,0.2562,0.241,0.1468,0.0602,0.4239,0.2486
"205","OFRA_PP_0GT1","OFRA","PP",191,"3","0GT1","p","","6/2/22",13,"HLE","6/2/22","HLE","9","10","11","12","K","6/7/22","HLE","OFRA_PP","0GT1",NA,0.3808,0.473,0.2276,0.3176,0.1252,0.0632,0.4269,0.2726
"206","OFRA_PP_0GT3","OFRA","PP",192,"4","0GT3","MISSING","MISSING",NA,NA,NA,NA,NA,NA,NA,NA,NA,NA,NA,NA,NA,NA,NA,NA,NA,NA,NA,NA,NA,NA,NA
"207","OFRA_PP_0GT5","OFRA","PP",193,"5","0GT5","p","","6/2/22",15,"HLE","6/2/22","HLE","9","10","11","12","K","6/7/22","HLE","OFRA_PP","0GT5",NA,0.4432,0.4044,0.2702,0.298,0.1334,0.0746,0.4238,0.2841
"208","OFRA_PP_1GT36","OFRA","PP",194,"6","1GT36","MISSING","MISSING",NA,NA,NA,NA,NA,NA,NA,NA,NA,NA,NA,NA,NA,NA,NA,NA,NA,NA,NA,NA,NA,NA,NA
"209","OFRA_PP_1GT37_P1","OFRA","PP",195,"7","1GT37","P1","","5/17/22",17,"TL","5/17/22","TL","9","10","11","12","J","5/25/22","HLE","OFRA_PP","1GT37","P1",0.4028,0.4474,0.2364,0.2914,0.1506,0.071,0.4251,0.2639
"210","OFRA_PP_1GT37_P2","OFRA","PP",196,"7","1GT37","P2","","6/1/22",14.5,"HLE","6/1/22","HLE","9","10","11","12","K","6/7/22","HLE","OFRA_PP","1GT37","P2",0.4122,0.4174,0.2788,0.2922,0.1566,0.0772,0.4148,0.2855
"211","OFRA_PP_1GT42","OFRA","PP",197,"8","1GT42","MISSING","MISSING",NA,NA,NA,NA,NA,NA,NA,NA,NA,NA,NA,NA,NA,NA,NA,NA,NA,NA,NA,NA,NA,NA,NA
"212","OFRA_PP_1GT42_P2","OFRA","PP",198,"8","1GT42","P2","","5/25/22",19,"HLE","5/25/22","HLE","9","10","11","12","J","6/7/22","HLE","OFRA_PP","1GT42","P2",0.4932,0.3552,0.2784,0.2192,0.1306,0.062,0.4242,0.2488
"213","OFRA_PP_1GT43","OFRA","PP",199,"9","1GT43","MISSING","MISSING",NA,NA,NA,NA,NA,NA,NA,NA,NA,NA,NA,NA,NA,NA,NA,NA,NA,NA,NA,NA,NA,NA,NA
"214","OFRA_PP_2CX10","OFRA","PP",200,"10","2CX10","MISSING","MISSING",NA,NA,NA,NA,NA,NA,NA,NA,NA,NA,NA,NA,NA,NA,NA,NA,NA,NA,NA,NA,NA,NA,NA
"215","OFRA_PP_2CX11","OFRA","PP",201,"11","2CX11","MISSING","MISSING",NA,NA,NA,NA,NA,NA,NA,NA,NA,NA,NA,NA,NA,NA,NA,NA,NA,NA,NA,NA,NA,NA,NA
"216","OFRA_PP_2CX12_P1","OFRA","PP",202,"12","2CX12","P1","","5/24/22",15,"HLE","5/24/22","HLE","9","10","11","12","J","6/7/22","HLE","OFRA_PP","2CX12","P1",0.4772,0.4632,0.2892,0.3076,0.1642,0.079,0.4702,0.2984
"217","OFRA_PP_2CX12_P2","OFRA","PP",203,"12","2CX12","P2","","6/2/22",13,"HLE","6/2/22","HLE","9","10","11","12","J","6/7/22","HLE","OFRA_PP","2CX12","P2",0.433,0.436,0.2774,0.2824,0.1528,0.074,0.4345,0.2799
"218","OFRA_PP_2CX13","OFRA","PP",204,"13","2CX13","MISSING","MISSING",NA,NA,NA,NA,NA,NA,NA,NA,NA,NA,NA,NA,NA,NA,NA,NA,NA,NA,NA,NA,NA,NA,NA
"219","OFRA_PP_2CX8","OFRA","PP",205,"14","2CX8","MISSING","MISSING",NA,NA,NA,NA,NA,NA,NA,NA,NA,NA,NA,NA,NA,NA,NA,NA,NA,NA,NA,NA,NA,NA,NA
"220","OFRA_PP_2GT10","OFRA","PP",206,"15","2GT10","p","","5/17/22",18,"TL","5/17/22","TL","9","10","11","12","J","5/25/22","HLE","OFRA_PP","2GT10",NA,0.445,0.4086,0.2808,0.2672,0.1234,0.0658,0.4268,0.274
"221","OFRA_PP_2GT3_P1","OFRA","PP",207,"16","2GT3","P1","","5/17/22",19.5,"TL","5/17/22","TL","9","10","11","12","J","5/25/22","HLE","OFRA_PP","2GT3","P1",0.4056,0.4342,0.2574,0.298,0.145,0.0754,0.4199,0.2777
"222","OFRA_PP_2GT3_P2","OFRA","PP",208,"16","2GT3","P2","","5/17/22",18.5,"TL","5/17/22","TL","9","10","11","12","J","5/25/22","HLE","OFRA_PP","2GT3","P2",0.4016,0.4366,0.2488,0.2966,0.152,0.064,0.4191,0.2727
"223","OFRA_PP_2GT31","OFRA","PP",209,"17","2GT31","MISSING","MISSING",NA,NA,NA,NA,NA,NA,NA,NA,NA,NA,NA,NA,NA,NA,NA,NA,NA,NA,NA,NA,NA,NA,NA
"224","OFRA_PP_2GT38","OFRA","PP",210,"18","2GT38","p","","5/17/22",19.5,"TL","5/17/22","TL","9","10","11","12","J","5/25/22","HLE","OFRA_PP","2GT38",NA,0.3946,0.3886,0.2428,0.249,0.1068562,0.0506432,0.3916,0.2459
"225","OFRA_PP_2GT41_P1","OFRA","PP",211,"19","2GT41","P1","","6/2/22",10,"HLE","6/2/22","HLE","9","10","11","12","K","6/7/22","HLE","OFRA_PP","2GT41","P1",0.4746,0.4042,0.2622,0.2288,0.126,0.0476,0.4394,0.2455
"226","OFRA_PP_2GT41_P2","OFRA","PP",212,"19","2GT41","P2","","6/6/22",13,"HLE","6/6/22","HLE","9","10","11","12","K","6/7/22","HLE","OFRA_PP","2GT41","P2",0.367,0.4166,0.2106,0.259,0.12,0.0524,0.3918,0.2348
"227","OFRA_PP_2GT7_P1","OFRA","PP",213,"20","2GT7","P1","","5/17/22",15,"TL","5/17/22","TL","9","10","11","12","J","5/25/22","HLE","OFRA_PP","2GT7","P1",0.4924,0.3796,0.2346,0.1978,0.0920003888,0.0144001944,0.436,0.2162
"228","OFRA_PP_2GT7_P2","OFRA","PP",214,"20","2GT7","P2","","6/2/22",15,"HLE","6/2/22","HLE","9","10","11","12","K","6/7/22","HLE","OFRA_PP","2GT7","P2",0.4218,0.437,0.256,0.2858,0.1484,0.063,0.4294,0.2709
"229","OFRA_PP_2HS11","OFRA","PP",215,"21","2HS11","p","","6/6/22",12,"HLE","6/6/22","HLE","9","10","11","12","K","6/7/22","HLE","OFRA_PP","2HS11",NA,0.4516,0.4568,0.2938,0.2986,0.169,0.0816,0.4542,0.2962
"230","OFRA_PP_2HS17_P1","OFRA","PP",216,"22","2HS17","P1","","5/17/22",16.5,"TL","5/17/22","TL","9","10","11","12","J","5/25/22","HLE","OFRA_PP","2HS17","P1",0.4662,0.4904,0.3186,0.3352,0.1968,0.0932,0.4783,0.3269
"231","OFRA_PP_2HS17_P2","OFRA","PP",217,"22","2HS17","P2","","5/25/22",12,"HLE","5/25/22","HLE","9","10","11","12","J","6/7/22","HLE","OFRA_PP","2HS17","P2",0.3976,0.4098,0.2428,0.2694,0.1266,0.0546,0.4037,0.2561
"232","OFRA_PP_2HS27","OFRA","PP",218,"23","2HS27","p","","6/2/22",14,"HLE","6/2/22","HLE","9","10","11","12","K","6/7/22","HLE","OFRA_PP","2HS27",NA,NA,0.779,NA,NA,NA,NA,0.779,NA
"233","OFRA_PP_2HS9_P1","OFRA","PP",219,"24","2HS9","P1","","5/17/22",15,"TL","5/17/22","TL","9","10","11","12","J","5/25/22","HLE","OFRA_PP","2HS9","P1",0.395,0.3752,0.2244,0.2288,0.1144,0.04,0.3851,0.2266
"234","OFRA_PP_2HS9_P2","OFRA","PP",220,"24","2HS9","P2","","5/25/22",20,"HLE","5/25/22","HLE","9","10","11","12","J","6/7/22","HLE","OFRA_PP","2HS9","P2",0.4834,0.4956,0.2894,0.31,0.1802,0.0738,0.4895,0.2997
"235","OFRA_PP_4CX12","OFRA","PP",221,"25","4CX12","p ","","5/17/22",18,"TL","5/17/22","TL","9","10","11","12","J","5/25/22","HLE","OFRA_PP","4CX12",NA,0.4208,0.486,0.275,0.3064,0.1792,0.0752,0.4534,0.2907
"236","OFRA_PP_4HS13","OFRA","PP",222,"26","4HS13","MISSING","MISSING",NA,NA,NA,NA,NA,NA,NA,NA,NA,NA,NA,NA,NA,NA,NA,NA,NA,NA,NA,NA,NA,NA,NA
"237","OFRA_PP_4HS15","OFRA","PP",223,"27","4HS15","p","","5/25/22",11.5,"HLE","5/25/22","HLE","9","10","11","12","K","6/7/22","HLE","OFRA_PP","4HS15",NA,0.4328,0.3456,0.2414,0.2128,0.1236,0.0436,0.3892,0.2271
"238","OFRA_PP_6CX18","OFRA","PP",224,"28","6CX18","MISSING","MISSING",NA,NA,NA,NA,NA,NA,NA,NA,NA,NA,NA,NA,NA,NA,NA,NA,NA,NA,NA,NA,NA,NA,NA
"239","OFRA_PP_6EV18","OFRA","PP",225,"29","6EV18","p","","6/6/22",15,"HLE","6/6/22","HLE","9","10","11","12","K","6/7/22","HLE","OFRA_PP","6EV18",NA,0.4838,0.3874,0.2802,0.2358,0.126,0.0622,0.4356,0.258
"240","OFRA_PP_6GT17","OFRA","PP",226,"30","6GT17","p","","5/25/22",14,"HLE","5/25/22","HLE","9","10","11","12","J","6/7/22","HLE","OFRA_PP","6GT17",NA,0.5446,0.4558,0.2412,0.229,0.1942,0.0492,0.5002,0.2351
"241","OFRA_PP_8CX24","OFRA","PP",227,"31","8CX24","p","","6/2/22",11.5,"HLE","6/2/22","HLE","9","10","11","12","K","6/7/22","HLE","OFRA_PP","8CX24",NA,0.4358,0.3982,0.2706,0.2578,0.1346,0.0708,0.417,0.2642
"242","OFRA_PP_8HS21","OFRA","PP",228,"32","8HS21","p","","5/17/22",22.5,"TL","5/17/22","TL","9","10","11","12","J","5/25/22","HLE","OFRA_PP","8HS21",NA,0.4794,0.4808,0.312,0.289,0.154,0.0684,0.4801,0.3005
"243","OFRA_PP_8HS23","OFRA","PP",229,"33","8HS23","p","","6/6/22",12,"HLE","6/6/22","HLE","9","10","11","12","K","6/7/22","HLE","OFRA_PP","8HS23",NA,0.3114,0.3902,0.1786,0.2454,0.08705432,0.04804108,0.3508,0.212
"244","OFRA_PP_8HS24","OFRA","PP",230,"34","8HS24","p","","6/1/22",18,"HLE","6/1/22","HLE","9","10","11","12","K","6/7/22","HLE","OFRA_PP","8HS24",NA,0.5732,0.542,0.3192,0.349,0.2334,0.101,0.5576,0.3341
"245","OFRA_PP_9CX5_P1","OFRA","PP",231,"35","9CX5","P1","Some spilled when transferring homogenate","5/17/22",17.5,"TL","5/17/22","TL","9","10","11","12","J","5/25/22","HLE","OFRA_PP","9CX5","P1",0.3804,0.3798,0.1984,0.2278,0.1078,0.0392,0.3801,0.2131
"246","OFRA_PP_9CX5_P2","OFRA","PP",232,"35","9CX5","P2","","6/2/22",11,"HLE","6/2/22","HLE","9","10","11","12","K","6/7/22","HLE","OFRA_PP","9CX5","P2",0.4234,0.4896,0.2502,0.2902,0.1902,0.0624,0.4565,0.2702
"247","OFRA_PP_9CX6","OFRA","PP",233,"36","9CX6","MISSING","MISSING",NA,NA,NA,NA,NA,NA,NA,NA,NA,NA,NA,NA,NA,NA,NA,NA,NA,NA,NA,NA,NA,NA,NA
"248","OFRA_PP_9GT30 P1","OFRA","PP",NA,NA,NA,NA,NA,NA,NA,NA,NA,NA,NA,NA,NA,NA,NA,NA,NA,"OFRA_PP","9GT30 P1",NA,0.4788,0.4434,0.294,0.284,0.1774,0.0742,0.4611,0.289
"249","OFRA_PP_9GT30_P1","OFRA","PP",234,"37","9GT30","P1","","5/25/22",13.5,"HLE","5/25/22","HLE","9","10","11","12","K","6/7/22","HLE","OFRA_PP","9GT30","P1",0.4788,0.4434,0.294,0.284,0.1774,0.0742,0.4611,0.289
"250","OFRA_PP_9GT30_P2","OFRA","PP",235,"37","9GT30","P2","","6/2/22",15.5,"HLE","6/2/22","HLE","9","10","11","12","K","6/7/22","HLE","OFRA_PP","9GT30","P2",0.4548,0.4756,0.2768,0.292,0.192,0.0758,0.4652,0.2844
"251","OFRA_PP_9GT47","OFRA","PP",236,"38","9GT47","MISSING","MISSING",NA,NA,NA,NA,NA,NA,NA,NA,NA,NA,NA,NA,NA,NA,NA,NA,NA,NA,NA,NA,NA,NA,NA
"252","OFRA_PP_9GX5_P1","OFRA","PP",NA,NA,NA,NA,NA,NA,NA,NA,NA,NA,NA,NA,NA,NA,NA,NA,NA,"OFRA_PP","9GX5","P1",0.3674,0.3158,0.1878,0.1702,0.018605442,0.013203628,0.3416,0.179
"253","OFRA_PS_0CX4","OFRA","PS",237,"1","0CX4","p","","5/11/22",17.5,"TL","5/11/22","TL","8","7","6","5","H","5/13/22","TL","OFRA_PS","0CX4",NA,0.5442,0.465,0.273,0.2852,0.1932,0.0712,0.5046,0.2791
"254","OFRA_PS_0CX5","OFRA","PS",238,"2","0CX5","p","","5/11/22",22,"TL","5/11/22","TL","8","7","6","5","H","5/17/22","TL","OFRA_PS","0CX5",NA,0.4682,0.3754,0.2216,0.1898,0.1272,0.0394,0.4218,0.2057
"255","OFRA_PS_0GT1","OFRA","PS",239,"3","0GT1","p","","5/11/22",15,"TL","5/11/22","TL","8","7","6","5","H","5/13/22","TL","OFRA_PS","0GT1",NA,0.4382,0.466,0.2404,0.2704,0.1466,0.0532,0.4521,0.2554
"256","OFRA_PS_0GT3","OFRA","PS",240,"4","0GT3","p","","5/11/22",27.5,"TL","5/11/22","TL","8","7","6","5","H","5/13/22","TL","OFRA_PS","0GT3",NA,0.3694,0.3522,0.176,0.1834,0.0984,0.0392,0.3608,0.1797
"257","OFRA_PS_0GT5_P1","OFRA","PS",241,"5","0GT5","P1","","5/11/22",23.5,"TL","5/11/22","TL","9","10","11","12","H","5/13/22","TL","OFRA_PS","0GT5","P1",0.43,0.3956,0.183,0.2312,0.1292,0.048,0.4128,0.2071
"258","OFRA_PS_0GT5_P2","OFRA","PS",242,"5","0GT5","P2","","5/12/22",17,"TL","5/12/22","TL","9","10","11","12","H","5/13/22","TL","OFRA_PS","0GT5","P2",0.3546,0.4488,0.2096,0.2314,0.1088,0.0198,0.4017,0.2205
"259","OFRA_PS_1GT36","OFRA","PS",243,"6","1GT36","MISSING","MISSING",NA,NA,NA,NA,NA,NA,NA,NA,NA,NA,NA,NA,NA,NA,NA,NA,NA,NA,NA,NA,NA,NA,NA
"260","OFRA_PS_1GT37","OFRA","PS",244,"7","1GT37","p","","5/13/22",15.5,"TL","5/13/22","TL","9","10","11","12","I","5/17/22","TL","OFRA_PS","1GT37",NA,0.421,0.39875,0.238,0.253,0.13575,0.05425,0.409875,0.2455
"261","OFRA_PS_1GT42","OFRA","PS",245,"8","1GT42","p","","5/11/22",21.5,"TL","5/11/22","TL","8","7","6","5","H","5/13/22","TL","OFRA_PS","1GT42",NA,0.405,0.419333333333333,0.218,0.226333333333333,0.131333333333333,0.0516666666666667,0.412166666666667,0.222166666666667
"262","OFRA_PS_1GT43","OFRA","PS",246,"9","1GT43","p","","5/12/22",17.5,"TL","5/12/22","TL","9","10","11","12","H","5/13/22","TL","OFRA_PS","1GT43",NA,0.3818,0.4228,0.2202,0.2346,0.1228,0.0444,0.4023,0.2274
"263","OFRA_PS_2CX10","OFRA","PS",247,"10","2CX10","p","","5/12/22",22.5,"TL","5/12/22","TL","9","10","11","12","H","5/13/22","TL","OFRA_PS","2CX10",NA,0.4758,0.4672,0.2568,0.2886,0.1608,0.071,0.4715,0.2727
"264","OFRA_PS_2CX11","OFRA","PS",248,"11","2CX11","MISSING","MISSING",NA,NA,NA,NA,NA,NA,NA,NA,NA,NA,NA,NA,NA,NA,NA,NA,NA,NA,NA,NA,NA,NA,NA
"265","OFRA_PS_2CX12","OFRA","PS",249,"12","2CX12","p","","5/12/22",20.5,"TL","5/12/22","TL","9","10","11","12","H","5/13/22","TL","OFRA_PS","2CX12",NA,0.3666,0.428,0.2306,0.2454,0.1084,0.058,0.3973,0.238
"266","OFRA_PS_2CX13","OFRA","PS",250,"13","2CX13","p","","5/12/22",14.5,"TL","5/12/22","TL","9","10","11","12","H","5/13/22","TL","OFRA_PS","2CX13",NA,0.4002,0.4402,0.242,0.2622,0.1236,0.0584,0.4202,0.2521
"267","OFRA_PS_2CX8","OFRA","PS",251,"14","2CX8","p","","5/12/22",21,"TL","5/12/22","TL","9","10","11","12","H","5/13/22","TL","OFRA_PS","2CX8",NA,0.4574,0.3856,0.2274,0.2048,0.1344,0.0406,0.4215,0.2161
"268","OFRA_PS_2GT10","OFRA","PS",252,"15","2GT10","p","","5/13/22",18,"TL","5/13/22","TL","9","10","11","12","I","5/17/22","TL","OFRA_PS","2GT10",NA,0.4504,0.4078,0.2702,0.2342,0.133,0.0608,0.4291,0.2522
"269","OFRA_PS_2GT3","OFRA","PS",253,"16","2GT3","p","","5/13/22",16,"TL","5/13/22","TL","9","10","11","12","I","5/17/22","TL","OFRA_PS","2GT3",NA,0.3844,0.4618,0.2068,0.2644,0.1366,0.056,0.4231,0.2356
"270","OFRA_PS_2GT31","OFRA","PS",254,"17","2GT31","p","","5/12/22",17,"TL","5/12/22","TL","9","10","11","12","H","5/13/22","TL",NA,NA,NA,NA,NA,NA,NA,NA,NA,NA,NA
"271","OFRA_PS_2GT38","OFRA","PS",255,"18","2GT38","p","","5/12/22",15,"TL","5/12/22","TL","9","10","11","12","H","5/13/22","TL","OFRA_PS","2GT38",NA,0.3944,0.3924,0.2038,0.213,0.1122,0.0564,0.3934,0.2084
"272","OFRA_PS_2GT41","OFRA","PS",256,"19","2GT41","p","","5/11/22",24,"TL","5/11/22","TL","9","10","11","12","H","5/13/22","TL","OFRA_PS","2GT41",NA,0.4392,0.3436,0.2498,0.2452,0.1054,0.05,0.3914,0.2475
"273","OFRA_PS_2GT7","OFRA","PS",257,"20","2GT7","p","","5/11/22",33,"TL","5/11/22","TL","8","7","6","5","H","5/13/22","TL","OFRA_PS","2GT7",NA,0.4298,0.3524,0.218,0.1942,0.1172,0.0428,0.3911,0.2061
"274","OFRA_PS_2HS11","OFRA","PS",258,"21","2HS11","p","","5/13/22",27.5,"TL","5/13/22","TL","9","10","11","12","I","5/17/22","TL","OFRA_PS","2HS11",NA,0.533,0.442,0.2476,0.1966,0.1616,0.0512,0.4875,0.2221
"275","OFRA_PS_2HS17","OFRA","PS",259,"22","2HS17","p","","5/13/22",17,"TL","5/13/22","TL","9","10","11","12","I","5/17/22","TL","OFRA_PS","2HS17",NA,0.453333333333333,0.414666666666667,0.238666666666667,0.187666666666667,0.142666666666667,0.039,0.434,0.213166666666667
"276","OFRA_PS_2HS27","OFRA","PS",260,"23","2HS27","p","","5/11/22",17,"TL","5/11/22","TL","8","7","6","5","H","5/13/22","TL","OFRA_PS","2HS27",NA,0.4046,0.3716,0.244,0.2406,0.1164,0.0506,0.3881,0.2423
"277","OFRA_PS_2HS9","OFRA","PS",261,"24","2HS9","p","","5/13/22",15,"TL","5/13/22","TL","9","10","11","12","I","5/17/22","TL","OFRA_PS","2HS9",NA,0.43225,0.47,0.234,0.27425,0.14575,0.06225,0.451125,0.254125
"278","OFRA_PS_4CX12","OFRA","PS",262,"25","4CX12","p","","5/12/22",22.5,"TL","5/12/22","TL","8","7","6","5","H","5/13/22","TL","OFRA_PS","4CX12",NA,0.4864,0.5148,0.2244,0.28,0.1868,0.0638,0.5006,0.2522
"279","OFRA_PS_4HS13","OFRA","PS",263,"26","4HS13","p","","5/11/22",22,"TL","5/11/22","TL","8","7","6","5","H","5/13/22","TL","OFRA_PS","4HS13",NA,0.3578,0.3462,0.194,0.1814,0.0938,0.0314,0.352,0.1877
"280","OFRA_PS_4HS15","OFRA","PS",264,"27","4HS15","p","","5/12/22",22.5,"TL","5/12/22","TL","9","10","11","12","H","5/13/22","TL","OFRA_PS","4HS15",NA,0.4024,0.389,0.2118,0.204,0.1064,0.0436,0.3957,0.2079
"281","OFRA_PS_6CX18","OFRA","PS",265,"28","6CX18","p","","5/13/22",18.5,"TL","5/13/22","TL","9","10","11","12","I","5/17/22","TL","OFRA_PS","6CX18",NA,0.4114,0.3978,0.2428,0.2482,0.1208,0.0598,0.4046,0.2455
"282","OFRA_PS_6EV18","OFRA","PS",266,"29","6EV18","p","","5/12/22",24.5,"TL","5/12/22","TL","9","10","11","12","H","5/13/22","TL","OFRA_PS","6EV18",NA,0.3872,0.4338,0.2328,0.2696,0.1208,0.0574,0.4105,0.2512
"283","OFRA_PS_6GT17","OFRA","PS",267,"30","6GT17","p","","5/12/22",14,"TL","5/12/22","TL","9","10","11","12","H","5/13/22","TL","OFRA_PS","6GT17",NA,0.388,0.459666666666667,0.164,0.251333333333333,0.147333333333333,0.042,0.423833333333333,0.207666666666667
"284","OFRA_PS_8CX24","OFRA","PS",268,"31","8CX24","p","","5/13/22",30,"TL","5/13/22","TL","9","10","11","12","I","5/17/22","TL","OFRA_PS","8CX24",NA,0.441,0.3757,0.2336,0.2455,0.1236,0.05123686,0.40835,0.23955
"285","OFRA_PS_8HS21","OFRA","PS",269,"32","8HS21","MISSING","MISSING",NA,NA,NA,NA,NA,NA,NA,NA,NA,NA,NA,NA,NA,NA,NA,NA,NA,NA,NA,NA,NA,NA,NA
"286","OFRA_PS_8HS23","OFRA","PS",270,"33","8HS23","p","","5/11/22",14,"TL","5/11/22","TL","8","7","6","5","H","5/17/22","TL","OFRA_PS","8HS23",NA,0.39125,0.50375,0.176,0.277,0.1405,0.0535,0.4475,0.2265
"287","OFRA_PS_8HS24","OFRA","PS",271,"34","8HS24","p","","5/12/22",18.5,"TL","5/12/22","TL","8","7","6","5","H","5/13/22","TL","OFRA_PS","8HS24",NA,0.4638,0.5002,0.2458,0.2544,0.147,0.066,0.482,0.2501
"288","OFRA_PS_9CX5","OFRA","PS",272,"35","9CX5","p","","5/11/22",17.5,"TL","5/11/22","TL","8","7","6","5","H","5/13/22","TL","OFRA_PS","9CX5",NA,0.3914,0.3784,0.2052,0.218,0.1144,0.04,0.3849,0.2116
"289","OFRA_PS_9CX6","OFRA","PS",273,"36","9CX6","p","","5/11/22",17,"TL","5/11/22","TL","8","7","6","5","H","5/13/22","TL","OFRA_PS","9CX6",NA,0.5208,0.4878,0.265,0.2506,0.1768,0.0632,0.5043,0.2578
"290","OFRA_PS_9GT30","OFRA","PS",274,"37","9GT30","p","","5/12/22",21,"TL","5/12/22","TL","8","7","6","5","H","5/13/22","TL","OFRA_PS","9GT30",NA,0.414,0.4572,0.2608,0.2824,0.1612,0.0622,0.4356,0.2716
"291","OFRA_PS_9GT47","OFRA","PS",275,"38","9GT47","p","","5/11/22",20,"TL","5/11/22","TL","8","7","6","5","H","5/13/22","TL","OFRA_PS","9GT47",NA,0.426,0.4588,0.2872,0.3132,0.1458,0.0768,0.4424,0.3002
"292","PRACTICE_30OA1_","PRACTICE","30OA1",276,NA,NA,NA,"","2/10/22",NA,"DM TC",NA,NA,"4","1","2","3",NA,NA,NA,NA,NA,NA,NA,NA,NA,NA,NA,NA,NA,NA
"293","PRACTICE_55SS1T_","PRACTICE","55SS1T",277,NA,NA,NA,"","11/10/21",13,"TL","1/25/22","WD",NA,NA,NA,NA,NA,NA,NA,NA,NA,NA,NA,NA,NA,NA,NA,NA,NA,NA
"294","PRACTICE_Branching_Pavona_","PRACTICE","Branching_Pavona",278,NA,NA,NA,"","2/9/22",NA,"TL",NA,NA,NA,NA,NA,NA,NA,NA,NA,NA,NA,NA,NA,NA,NA,NA,NA,NA,NA,NA
"295","PRACTICE_Green_Encrusting_Pavona_","PRACTICE","Green_Encrusting_Pavona",279,NA,NA,NA,"","1/25/22",10,"WD","1/25/22","WD",NA,NA,NA,NA,NA,NA,NA,NA,NA,NA,NA,NA,NA,NA,NA,NA,NA,NA
"296","PRACTICE_Pagoda_Cup_","PRACTICE","Pagoda_Cup",280,NA,NA,NA,"","2/10/22",55,"TL",NA,NA,NA,NA,NA,NA,NA,NA,NA,NA,NA,NA,NA,NA,NA,NA,NA,NA,NA,NA
"297","PRACTICE_Tangerine_Leoptoseris_","PRACTICE","Tangerine_Leoptoseris",281,NA,NA,NA,"","2/18/22",22.5,"Ce","2/18/22","DM/TC","4","1","2","3",NA,NA,NA,NA,NA,NA,NA,NA,NA,NA,NA,NA,NA,NA
