"","Sample_ID","MEASUREMENT","value","Depth","Act_Depth","Species","Colony_Number","Site"
"1","15OFA1AT","CA",0.0444,15,15,"OFAV",1,"Turrumote"
"2","15OFA1AT","CH",0.2344,15,15,"OFAV",1,"Turrumote"
"3","15OFA1AT","H",0.3124,15,15,"OFAV",1,"Turrumote"
"4","15OFA1AT","A",0.0826,15,15,"OFAV",1,"Turrumote"
"5","15OFA1AT","W",0.3334,15,15,"OFAV",1,"Turrumote"
"6","15OFA1AT","CW",0.2402,15,15,"OFAV",1,"Turrumote"
"7","15OFA1ML","CA",0.0596,15,23,"OFAV",1,"Media Luna"
"8","15OFA1ML","CH",0.2706,15,23,"OFAV",1,"Media Luna"
"9","15OFA1ML","A",0.1254,15,23,"OFAV",1,"Media Luna"
"10","15OFA1ML","W",0.4154,15,23,"OFAV",1,"Media Luna"
"11","15OFA1ML","H",0.3816,15,23,"OFAV",1,"Media Luna"
"12","15OFA1ML","CW",0.2894,15,23,"OFAV",1,"Media Luna"
"13","15OFA2ML","CA",0.048,15,21,"OFAV",2,"Media Luna"
"14","15OFA2ML","CW",0.2392,15,21,"OFAV",2,"Media Luna"
"15","15OFA2ML","W",0.3574,15,21,"OFAV",2,"Media Luna"
"16","15OFA2ML","A",0.1154,15,21,"OFAV",2,"Media Luna"
"17","15OFA2ML","CH",0.2752,15,21,"OFAV",2,"Media Luna"
"18","15OFA2ML","H",0.41,15,21,"OFAV",2,"Media Luna"
"19","15OFA3ML","A",0.1398,15,22,"OFAV",3,"Media Luna"
"20","15OFA3ML","W",0.406,15,22,"OFAV",3,"Media Luna"
"21","15OFA3ML","CW",0.2554,15,22,"OFAV",3,"Media Luna"
"22","15OFA3ML","CA",0.0516,15,22,"OFAV",3,"Media Luna"
"23","15OFA3ML","CH",0.2628,15,22,"OFAV",3,"Media Luna"
"24","15OFA3ML","H",0.418,15,22,"OFAV",3,"Media Luna"
"25","15OFA3T","W",0.4072,15,15,"OFAV",3,"Turrumote"
"26","15OFA3T","CW",0.237,15,15,"OFAV",3,"Turrumote"
"27","15OFA3T","CA",0.0436,15,15,"OFAV",3,"Turrumote"
"28","15OFA3T","CH",0.2548,15,15,"OFAV",3,"Turrumote"
"29","15OFA3T","H",0.3956,15,15,"OFAV",3,"Turrumote"
"30","15OFA3T","A",0.117,15,15,"OFAV",3,"Turrumote"
"31","15OFA4ML","H",0.4386,15,24,"OFAV",4,"Media Luna"
"32","15OFA4ML","W",0.3144,15,24,"OFAV",4,"Media Luna"
"33","15OFA4ML","A",0.1204,15,24,"OFAV",4,"Media Luna"
"34","15OFA4ML","CA",0.0536,15,24,"OFAV",4,"Media Luna"
"35","15OFA4ML","CH",0.2974,15,24,"OFAV",4,"Media Luna"
"36","15OFA4ML","CW",0.2362,15,24,"OFAV",4,"Media Luna"
"37","15OFA4T","W",0.3426,15,15,"OFAV",4,"Turrumote"
"38","15OFA4T","A",0.1282,15,15,"OFAV",4,"Turrumote"
"39","15OFA4T","CA",0.0466,15,15,"OFAV",4,"Turrumote"
"40","15OFA4T","CH",0.2576,15,15,"OFAV",4,"Turrumote"
"41","15OFA4T","CW",0.2294,15,15,"OFAV",4,"Turrumote"
"42","15OFA4T","H",0.472,15,15,"OFAV",4,"Turrumote"
"43","15OFA5ML","W",0.3524,15,24,"OFAV",5,"Media Luna"
"44","15OFA5ML","CW",0.2114,15,24,"OFAV",5,"Media Luna"
"45","15OFA5ML","H",0.3736,15,24,"OFAV",5,"Media Luna"
"46","15OFA5ML","A",0.11,15,24,"OFAV",5,"Media Luna"
"47","15OFA5ML","CA",0.0384,15,24,"OFAV",5,"Media Luna"
"48","15OFA5ML","CH",0.2258,15,24,"OFAV",5,"Media Luna"
"49","15OFA5T","CW",0.238,15,15,"OFAV",5,"Turrumote"
"50","15OFA5T","H",0.444,15,15,"OFAV",5,"Turrumote"
"51","15OFA5T","W",0.3882,15,15,"OFAV",5,"Turrumote"
"52","15OFA5T","CA",0.0498,15,15,"OFAV",5,"Turrumote"
"53","15OFA5T","CH",0.2706,15,15,"OFAV",5,"Turrumote"
"54","15OFA5T","A",0.1288,15,15,"OFAV",5,"Turrumote"
"55","15OFA6ML","CA",0.0418,15,20,"OFAV",6,"Media Luna"
"56","15OFA6ML","W",0.363,15,20,"OFAV",6,"Media Luna"
"57","15OFA6ML","CW",0.2406,15,20,"OFAV",6,"Media Luna"
"58","15OFA6ML","CH",0.2284,15,20,"OFAV",6,"Media Luna"
"59","15OFA6ML","H",0.3572,15,20,"OFAV",6,"Media Luna"
"60","15OFA6ML","A",0.1004,15,20,"OFAV",6,"Media Luna"
"61","15OFR1ML","W",0.4558,15,25,"OFRA",1,"Media Luna"
"62","15OFR1ML","H",0.442,15,25,"OFRA",1,"Media Luna"
"63","15OFR1ML","CA",0.0464,15,25,"OFRA",1,"Media Luna"
"64","15OFR1ML","CW",0.2602,15,25,"OFRA",1,"Media Luna"
"65","15OFR1ML","CH",0.2446,15,25,"OFRA",1,"Media Luna"
"66","15OFR1ML","A",0.1518,15,25,"OFRA",1,"Media Luna"
"67","15OFR1T","W",0.4584,15,15,"OFRA",1,"Turrumote"
"68","15OFR1T","CA",0.0602,15,15,"OFRA",1,"Turrumote"
"69","15OFR1T","H",0.3616,15,15,"OFRA",1,"Turrumote"
"70","15OFR1T","CW",0.3006,15,15,"OFRA",1,"Turrumote"
"71","15OFR1T","CH",0.2566,15,15,"OFRA",1,"Turrumote"
"72","15OFR1T","A",0.1316,15,15,"OFRA",1,"Turrumote"
"73","15OFR2ML","H",0.3898,15,25,"OFRA",2,"Media Luna"
"74","15OFR2ML","CW",0.2278,15,25,"OFRA",2,"Media Luna"
"75","15OFR2ML","CH",0.202,15,25,"OFRA",2,"Media Luna"
"76","15OFR2ML","W",0.394,15,25,"OFRA",2,"Media Luna"
"77","15OFR2ML","CA",0.0336,15,25,"OFRA",2,"Media Luna"
"78","15OFR2ML","A",0.116,15,25,"OFRA",2,"Media Luna"
"79","15OFR2T","CA",0.0396,15,18,"OFRA",2,"Turrumote"
"80","15OFR2T","CH",0.229,15,18,"OFRA",2,"Turrumote"
"81","15OFR2T","W",0.366,15,18,"OFRA",2,"Turrumote"
"82","15OFR2T","CW",0.2142,15,18,"OFRA",2,"Turrumote"
"83","15OFR2T","A",0.1094,15,18,"OFRA",2,"Turrumote"
"84","15OFR2T","H",0.4096,15,18,"OFRA",2,"Turrumote"
"85","15OFR3ML","W",0.3258,15,25,"OFRA",3,"Media Luna"
"86","15OFR3ML","H",0.3776,15,25,"OFRA",3,"Media Luna"
"87","15OFR3ML","CW",0.2154,15,25,"OFRA",3,"Media Luna"
"88","15OFR3ML","CH",0.2368,15,25,"OFRA",3,"Media Luna"
"89","15OFR3ML","CA",0.0398,15,25,"OFRA",3,"Media Luna"
"90","15OFR3ML","A",0.1,15,25,"OFRA",3,"Media Luna"
"91","15OFR3T","W",0.3342,15,19,"OFRA",3,"Turrumote"
"92","15OFR3T","CW",0.2412,15,19,"OFRA",3,"Turrumote"
"93","15OFR3T","H",0.4398,15,19,"OFRA",3,"Turrumote"
"94","15OFR3T","A",0.117,15,19,"OFRA",3,"Turrumote"
"95","15OFR3T","CH",0.2886,15,19,"OFRA",3,"Turrumote"
"96","15OFR3T","CA",0.0542,15,19,"OFRA",3,"Turrumote"
"97","15OFR4ML","H",0.352,15,25,"OFRA",4,"Media Luna"
"98","15OFR4ML","CA",0.0416,15,25,"OFRA",4,"Media Luna"
"99","15OFR4ML","CW",0.2438,15,25,"OFRA",4,"Media Luna"
"100","15OFR4ML","CH",0.221,15,25,"OFRA",4,"Media Luna"
"101","15OFR4ML","W",0.3786,15,25,"OFRA",4,"Media Luna"
"102","15OFR4ML","A",0.1068,15,25,"OFRA",4,"Media Luna"
"103","15OFR4T","W",0.369,15,22,"OFRA",4,"Turrumote"
"104","15OFR4T","CA",0.0396,15,22,"OFRA",4,"Turrumote"
"105","15OFR4T","CH",0.2302,15,22,"OFRA",4,"Turrumote"
"106","15OFR4T","H",0.3736,15,22,"OFRA",4,"Turrumote"
"107","15OFR4T","CW",0.2236,15,22,"OFRA",4,"Turrumote"
"108","15OFR4T","A",0.0964,15,22,"OFRA",4,"Turrumote"
"109","15OFR5ML","H",0.4918,15,26,"OFRA",5,"Media Luna"
"110","15OFR5ML","CH",0.2806,15,26,"OFRA",5,"Media Luna"
"111","15OFR5ML","W",0.459,15,26,"OFRA",5,"Media Luna"
"112","15OFR5ML","CW",0.2682,15,26,"OFRA",5,"Media Luna"
"113","15OFR5ML","A",0.1644,15,26,"OFRA",5,"Media Luna"
"114","15OFR5ML","CA",0.0558,15,26,"OFRA",5,"Media Luna"
"115","15OFR5T","CW",0.281,15,27,"OFRA",5,"Turrumote"
"116","15OFR5T","A",0.1736,15,27,"OFRA",5,"Turrumote"
"117","15OFR5T","CH",0.3008,15,27,"OFRA",5,"Turrumote"
"118","15OFR5T","W",0.4482,15,27,"OFRA",5,"Turrumote"
"119","15OFR5T","H",0.4952,15,27,"OFRA",5,"Turrumote"
"120","15OFR5T","CA",0.065,15,27,"OFRA",5,"Turrumote"
"121","30OFA1ML","W",0.3612,30,31,"OFAV",1,"Media Luna"
"122","30OFA1ML","CW",0.2348,30,31,"OFAV",1,"Media Luna"
"123","30OFA1ML","H",0.3044,30,31,"OFAV",1,"Media Luna"
"124","30OFA1ML","CH",0.2054,30,31,"OFAV",1,"Media Luna"
"125","30OFA1ML","CA",0.0368,30,31,"OFAV",1,"Media Luna"
"126","30OFA1ML","A",0.0916,30,31,"OFAV",1,"Media Luna"
"127","30OFA1T","H",0.4374,30,30,"OFAV",1,"Turrumote"
"128","30OFA1T","CW",0.2602,30,30,"OFAV",1,"Turrumote"
"129","30OFA1T","CA",0.0526,30,30,"OFAV",1,"Turrumote"
"130","30OFA1T","A",0.1408,30,30,"OFAV",1,"Turrumote"
"131","30OFA1T","CH",0.2558,30,30,"OFAV",1,"Turrumote"
"132","30OFA1T","W",0.4376,30,30,"OFAV",1,"Turrumote"
"133","30OFA2ML","CW",0.2786,30,32,"OFAV",2,"Media Luna"
"134","30OFA2ML","W",0.446,30,32,"OFAV",2,"Media Luna"
"135","30OFA2ML","A",0.1374,30,32,"OFAV",2,"Media Luna"
"136","30OFA2ML","CH",0.2478,30,32,"OFAV",2,"Media Luna"
"137","30OFA2ML","H",0.388,30,32,"OFAV",2,"Media Luna"
"138","30OFA2ML","CA",0.0524,30,32,"OFAV",2,"Media Luna"
"139","30OFA2T","W",0.455,30,30,"OFAV",2,"Turrumote"
"140","30OFA2T","H",0.3728,30,30,"OFAV",2,"Turrumote"
"141","30OFA2T","CW",0.2656,30,30,"OFAV",2,"Turrumote"
"142","30OFA2T","CA",0.0474,30,30,"OFAV",2,"Turrumote"
"143","30OFA2T","CH",0.23,30,30,"OFAV",2,"Turrumote"
"144","30OFA2T","A",0.13,30,30,"OFAV",2,"Turrumote"
"145","30OFA3ML","W",0.355,30,30,"OFAV",3,"Media Luna"
"146","30OFA3ML","H",0.4058,30,30,"OFAV",3,"Media Luna"
"147","30OFA3ML","CA",0.045,30,30,"OFAV",3,"Media Luna"
"148","30OFA3ML","CW",0.2304,30,30,"OFAV",3,"Media Luna"
"149","30OFA3ML","CH",0.262,30,30,"OFAV",3,"Media Luna"
"150","30OFA3ML","A",0.1098,30,30,"OFAV",3,"Media Luna"
"151","30OFA3T","H",0.4008,30,30,"OFAV",3,"Turrumote"
"152","30OFA3T","CW",0.2302,30,30,"OFAV",3,"Turrumote"
"153","30OFA3T","CH",0.243,30,30,"OFAV",3,"Turrumote"
"154","30OFA3T","W",0.356,30,30,"OFAV",3,"Turrumote"
"155","30OFA3T","CA",0.0422,30,30,"OFAV",3,"Turrumote"
"156","30OFA3T","A",0.11,30,30,"OFAV",3,"Turrumote"
"157","30OFA4ML","CA",0.0472,30,31,"OFAV",4,"Media Luna"
"158","30OFA4ML","CH",0.2666,30,31,"OFAV",4,"Media Luna"
"159","30OFA4ML","W",0.3652,30,31,"OFAV",4,"Media Luna"
"160","30OFA4ML","CW",0.2304,30,31,"OFAV",4,"Media Luna"
"161","30OFA4ML","A",0.1198,30,31,"OFAV",4,"Media Luna"
"162","30OFA4ML","H",0.4142,30,31,"OFAV",4,"Media Luna"
"163","30OFA4T","W",0.4028,30,30,"OFAV",4,"Turrumote"
"164","30OFA4T","H",0.4618,30,30,"OFAV",4,"Turrumote"
"165","30OFA4T","CW",0.2628,30,30,"OFAV",4,"Turrumote"
"166","30OFA4T","CH",0.2828,30,30,"OFAV",4,"Turrumote"
"167","30OFA4T","CA",0.0558,30,30,"OFAV",4,"Turrumote"
"168","30OFA4T","A",0.142,30,30,"OFAV",4,"Turrumote"
"169","30OFA5ML","W",0.3482,30,32,"OFAV",5,"Media Luna"
"170","30OFA5ML","CW",0.2516,30,32,"OFAV",5,"Media Luna"
"171","30OFA5ML","H",0.357,30,32,"OFAV",5,"Media Luna"
"172","30OFA5ML","A",0.0946,30,32,"OFAV",5,"Media Luna"
"173","30OFA5ML","CH",0.2384,30,32,"OFAV",5,"Media Luna"
"174","30OFA5ML","CA",0.0446,30,32,"OFAV",5,"Media Luna"
"175","30OFA5T","H",0.4426,30,28,"OFAV",5,"Turrumote"
"176","30OFA5T","CA",0.061,30,28,"OFAV",5,"Turrumote"
"177","30OFA5T","CW",0.273,30,28,"OFAV",5,"Turrumote"
"178","30OFA5T","CH",0.2858,30,28,"OFAV",5,"Turrumote"
"179","30OFA5T","W",0.4302,30,28,"OFAV",5,"Turrumote"
"180","30OFA5T","A",0.1514,30,28,"OFAV",5,"Turrumote"
"181","30OFR1ML","W",0.34,30,29,"OFRA",1,"Media Luna"
"182","30OFR1ML","CA",0.0454,30,29,"OFRA",1,"Media Luna"
"183","30OFR1ML","CH",0.2504,30,29,"OFRA",1,"Media Luna"
"184","30OFR1ML","H",0.3802,30,29,"OFRA",1,"Media Luna"
"185","30OFR1ML","CW",0.23,30,29,"OFRA",1,"Media Luna"
"186","30OFR1ML","A",0.1078,30,29,"OFRA",1,"Media Luna"
"187","30OFR1T","H",0.3546,30,30,"OFRA",1,"Turrumote"
"188","30OFR1T","CH",0.1868,30,30,"OFRA",1,"Turrumote"
"189","30OFR1T","W",0.3392,30,30,"OFRA",1,"Turrumote"
"190","30OFR1T","CW",0.2088,30,30,"OFRA",1,"Turrumote"
"191","30OFR1T","A",0.07360017142,30,30,"OFRA",1,"Turrumote"
"192","30OFR1T","CA",0.0326,30,30,"OFRA",1,"Turrumote"
"193","30OFR2ML","H",0.431,30,32,"OFRA",2,"Media Luna"
"194","30OFR2ML","CW",0.261,30,32,"OFRA",2,"Media Luna"
"195","30OFR2ML","CH",0.2542,30,32,"OFRA",2,"Media Luna"
"196","30OFR2ML","W",0.4604,30,32,"OFRA",2,"Media Luna"
"197","30OFR2ML","A",0.1596,30,32,"OFRA",2,"Media Luna"
"198","30OFR2ML","CA",0.052,30,32,"OFRA",2,"Media Luna"
"199","30OFR2T","CW",0.3066,30,30,"OFRA",2,"Turrumote"
"200","30OFR2T","CH",0.3146,30,30,"OFRA",2,"Turrumote"
"201","30OFR2T","W",0.4534,30,30,"OFRA",2,"Turrumote"
"202","30OFR2T","A",0.1522,30,30,"OFRA",2,"Turrumote"
"203","30OFR2T","H",0.4568,30,30,"OFRA",2,"Turrumote"
"204","30OFR2T","CA",0.0702,30,30,"OFRA",2,"Turrumote"
"205","30OFR3ML","W",0.4002,30,31,"OFRA",3,"Media Luna"
"206","30OFR3ML","CA",0.055,30,31,"OFRA",3,"Media Luna"
"207","30OFR3ML","CW",0.2626,30,31,"OFRA",3,"Media Luna"
"208","30OFR3ML","CH",0.2718,30,31,"OFRA",3,"Media Luna"
"209","30OFR3ML","H",0.3876,30,31,"OFRA",3,"Media Luna"
"210","30OFR3ML","A",0.12,30,31,"OFRA",3,"Media Luna"
"211","30OFR3T","CW",0.2356,30,30,"OFRA",3,"Turrumote"
"212","30OFR3T","CH",0.2896,30,30,"OFRA",3,"Turrumote"
"213","30OFR3T","A",0.14,30,30,"OFRA",3,"Turrumote"
"214","30OFR3T","H",0.4638,30,30,"OFRA",3,"Turrumote"
"215","30OFR3T","CA",0.0554,30,30,"OFRA",3,"Turrumote"
"216","30OFR3T","W",0.3766,30,30,"OFRA",3,"Turrumote"
"217","30OFR4ML","CH",0.2232,30,36,"OFRA",4,"Media Luna"
"218","30OFR4ML","CW",0.261,30,36,"OFRA",4,"Media Luna"
"219","30OFR4ML","H",0.3702,30,36,"OFRA",4,"Media Luna"
"220","30OFR4ML","CA",0.0454,30,36,"OFRA",4,"Media Luna"
"221","30OFR4ML","W",0.4682,30,36,"OFRA",4,"Media Luna"
"222","30OFR4ML","A",0.1416,30,36,"OFRA",4,"Media Luna"
"223","30OFR4T","CH",0.2842,30,30,"OFRA",4,"Turrumote"
"224","30OFR4T","H",0.4608,30,30,"OFRA",4,"Turrumote"
"225","30OFR4T","CW",0.2596,30,30,"OFRA",4,"Turrumote"
"226","30OFR4T","CA",0.0584,30,30,"OFRA",4,"Turrumote"
"227","30OFR4T","W",0.3802,30,30,"OFRA",4,"Turrumote"
"228","30OFR4T","A",0.138,30,30,"OFRA",4,"Turrumote"
"229","30OFR5ML","A",0.1626,30,35,"OFRA",5,"Media Luna"
"230","30OFR5ML","W",0.4012,30,35,"OFRA",5,"Media Luna"
"231","30OFR5ML","CH",0.2934,30,35,"OFRA",5,"Media Luna"
"232","30OFR5ML","CW",0.2528,30,35,"OFRA",5,"Media Luna"
"233","30OFR5ML","H",0.5106,30,35,"OFRA",5,"Media Luna"
"234","30OFR5ML","CA",0.0592,30,35,"OFRA",5,"Media Luna"
"235","45OFA1ML","A",0.102,45,45,"OFAV",1,"Media Luna"
"236","45OFA1ML","CW",0.2098,45,45,"OFAV",1,"Media Luna"
"237","45OFA1ML","CH",0.2272,45,45,"OFAV",1,"Media Luna"
"238","45OFA1ML","H",0.3626,45,45,"OFAV",1,"Media Luna"
"239","45OFA1ML","W",0.3388,45,45,"OFAV",1,"Media Luna"
"240","45OFA1ML","CA",0.0356,45,45,"OFAV",1,"Media Luna"
"241","45OFA1T","A",0.1768,45,46,"OFAV",1,"Turrumote"
"242","45OFA1T","H",0.4812,45,46,"OFAV",1,"Turrumote"
"243","45OFA1T","CW",0.304,45,46,"OFAV",1,"Turrumote"
"244","45OFA1T","CH",0.3256,45,46,"OFAV",1,"Turrumote"
"245","45OFA1T","CA",0.0712,45,46,"OFAV",1,"Turrumote"
"246","45OFA1T","W",0.439,45,46,"OFAV",1,"Turrumote"
"247","45OFA2ML","CH",0.2874,45,46,"OFAV",2,"Media Luna"
"248","45OFA2ML","W",0.4734,45,46,"OFAV",2,"Media Luna"
"249","45OFA2ML","H",0.443,45,46,"OFAV",2,"Media Luna"
"250","45OFA2ML","A",0.1668,45,46,"OFAV",2,"Media Luna"
"251","45OFA2ML","CA",0.0678,45,46,"OFAV",2,"Media Luna"
"252","45OFA2ML","CW",0.306,45,46,"OFAV",2,"Media Luna"
"253","45OFA2T","CA",0.05,45,47,"OFAV",2,"Turrumote"
"254","45OFA2T","W",0.5052,45,47,"OFAV",2,"Turrumote"
"255","45OFA2T","CW",0.2662,45,47,"OFAV",2,"Turrumote"
"256","45OFA2T","CH",0.2316,45,47,"OFAV",2,"Turrumote"
"257","45OFA2T","A",0.182,45,47,"OFAV",2,"Turrumote"
"258","45OFA2T","H",0.4422,45,47,"OFAV",2,"Turrumote"
"259","45OFA3ML","W",0.442,45,47,"OFAV",3,"Media Luna"
"260","45OFA3ML","CA",0.0676,45,47,"OFAV",3,"Media Luna"
"261","45OFA3ML","A",0.1574,45,47,"OFAV",3,"Media Luna"
"262","45OFA3ML","CW",0.2848,45,47,"OFAV",3,"Media Luna"
"263","45OFA3ML","CH",0.3,45,47,"OFAV",3,"Media Luna"
"264","45OFA3ML","H",0.4372,45,47,"OFAV",3,"Media Luna"
"265","45OFA3T","W",0.3892,45,45,"OFAV",3,"Turrumote"
"266","45OFA3T","A",0.1516,45,45,"OFAV",3,"Turrumote"
"267","45OFA3T","CH",0.287,45,45,"OFAV",3,"Turrumote"
"268","45OFA3T","CW",0.2678,45,45,"OFAV",3,"Turrumote"
"269","45OFA3T","CA",0.059,45,45,"OFAV",3,"Turrumote"
"270","45OFA3T","H",0.4742,45,45,"OFAV",3,"Turrumote"
"271","45OFA4ML","H",0.3748,45,40,"OFAV",4,"Media Luna"
"272","45OFA4ML","CA",0.038,45,40,"OFAV",4,"Media Luna"
"273","45OFA4ML","W",0.4126,45,40,"OFAV",4,"Media Luna"
"274","45OFA4ML","CH",0.2274,45,40,"OFAV",4,"Media Luna"
"275","45OFA4ML","A",0.1288,45,40,"OFAV",4,"Media Luna"
"276","45OFA4ML","CW",0.2206,45,40,"OFAV",4,"Media Luna"
"277","45OFA4T","H",0.3816,45,44,"OFAV",4,"Turrumote"
"278","45OFA4T","CA",0.0406,45,44,"OFAV",4,"Turrumote"
"279","45OFA4T","W",0.3838,45,44,"OFAV",4,"Turrumote"
"280","45OFA4T","A",0.1334,45,44,"OFAV",4,"Turrumote"
"281","45OFA4T","CH",0.2156,45,44,"OFAV",4,"Turrumote"
"282","45OFA4T","CW",0.2324,45,44,"OFAV",4,"Turrumote"
"283","45OFA5ML","CA",0.047,45,44,"OFAV",5,"Media Luna"
"284","45OFA5ML","W",0.43,45,44,"OFAV",5,"Media Luna"
"285","45OFA5ML","A",0.1392,45,44,"OFAV",5,"Media Luna"
"286","45OFA5ML","H",0.4004,45,44,"OFAV",5,"Media Luna"
"287","45OFA5ML","CW",0.2602,45,44,"OFAV",5,"Media Luna"
"288","45OFA5ML","CH",0.2428,45,44,"OFAV",5,"Media Luna"
"289","45OFA5T","H",0.4756,45,45,"OFAV",5,"Turrumote"
"290","45OFA5T","A",0.1748,45,45,"OFAV",5,"Turrumote"
"291","45OFA5T","CW",0.2612,45,45,"OFAV",5,"Turrumote"
"292","45OFA5T","CH",0.2634,45,45,"OFAV",5,"Turrumote"
"293","45OFA5T","W",0.4526,45,45,"OFAV",5,"Turrumote"
"294","45OFA5T","CA",0.0506,45,45,"OFAV",5,"Turrumote"
"295","45OFA6T","W",0.439,45,45,"OFAV",6,"Turrumote"
"296","45OFA6T","A",0.1548,45,45,"OFAV",6,"Turrumote"
"297","45OFA6T","H",0.4804,45,45,"OFAV",6,"Turrumote"
"298","45OFA6T","CA",0.0608,45,45,"OFAV",6,"Turrumote"
"299","45OFA6T","CW",0.2666,45,45,"OFAV",6,"Turrumote"
"300","45OFA6T","CH",0.294,45,45,"OFAV",6,"Turrumote"
"301","45OFR1ML","W",0.429,45,45,"OFRA",1,"Media Luna"
"302","45OFR1ML","H",0.4434,45,45,"OFRA",1,"Media Luna"
"303","45OFR1ML","CA",0.045,45,45,"OFRA",1,"Media Luna"
"304","45OFR1ML","CW",0.2442,45,45,"OFRA",1,"Media Luna"
"305","45OFR1ML","CH",0.2078,45,45,"OFRA",1,"Media Luna"
"306","45OFR1ML","A",0.1598,45,45,"OFRA",1,"Media Luna"
"307","45OFR1T","W",0.3906,45,48,"OFRA",1,"Turrumote"
"308","45OFR1T","H",0.4614,45,48,"OFRA",1,"Turrumote"
"309","45OFR1T","CH",0.254,45,48,"OFRA",1,"Turrumote"
"310","45OFR1T","CA",0.0444,45,48,"OFRA",1,"Turrumote"
"311","45OFR1T","CW",0.2248,45,48,"OFRA",1,"Turrumote"
"312","45OFR1T","A",0.138,45,48,"OFRA",1,"Turrumote"
"313","45OFR2ML","H",0.5474,45,46,"OFRA",2,"Media Luna"
"314","45OFR2ML","CH",0.3208,45,46,"OFRA",2,"Media Luna"
"315","45OFR2ML","A",0.2196,45,46,"OFRA",2,"Media Luna"
"316","45OFR2ML","CW",0.3018,45,46,"OFRA",2,"Media Luna"
"317","45OFR2ML","W",0.5172,45,46,"OFRA",2,"Media Luna"
"318","45OFR2ML","CA",0.0768,45,46,"OFRA",2,"Media Luna"
"319","45OFR2T","H",0.485,45,45,"OFRA",2,"Turrumote"
"320","45OFR2T","CA",0.069,45,45,"OFRA",2,"Turrumote"
"321","45OFR2T","CW",0.2852,45,45,"OFRA",2,"Turrumote"
"322","45OFR2T","CH",0.3068,45,45,"OFRA",2,"Turrumote"
"323","45OFR2T","W",0.4758,45,45,"OFRA",2,"Turrumote"
"324","45OFR2T","A",0.1752,45,45,"OFRA",2,"Turrumote"
"325","45OFR3ML","W",0.4272,45,45,"OFRA",3,"Media Luna"
"326","45OFR3ML","CW",0.2602,45,45,"OFRA",3,"Media Luna"
"327","45OFR3ML","H",0.4478,45,45,"OFRA",3,"Media Luna"
"328","45OFR3ML","A",0.1558,45,45,"OFRA",3,"Media Luna"
"329","45OFR3ML","CH",0.2652,45,45,"OFRA",3,"Media Luna"
"330","45OFR3ML","CA",0.0544,45,45,"OFRA",3,"Media Luna"
"331","45OFR3T","H",0.4612,45,46,"OFRA",3,"Turrumote"
"332","45OFR3T","W",0.4868,45,46,"OFRA",3,"Turrumote"
"333","45OFR3T","CW",0.3104,45,46,"OFRA",3,"Turrumote"
"334","45OFR3T","CH",0.2894,45,46,"OFRA",3,"Turrumote"
"335","45OFR3T","A",0.1742,45,46,"OFRA",3,"Turrumote"
"336","45OFR3T","CA",0.0724,45,46,"OFRA",3,"Turrumote"
"337","45OFR4ML","A",0.1438,45,42,"OFRA",4,"Media Luna"
"338","45OFR4ML","H",0.43,45,42,"OFRA",4,"Media Luna"
"339","45OFR4ML","CH",0.2692,45,42,"OFRA",4,"Media Luna"
"340","45OFR4ML","CA",0.0568,45,42,"OFRA",4,"Media Luna"
"341","45OFR4ML","CW",0.2702,45,42,"OFRA",4,"Media Luna"
"342","45OFR4ML","W",0.424,45,42,"OFRA",4,"Media Luna"
"343","45OFR4T","H",0.3966,45,46,"OFRA",4,"Turrumote"
"344","45OFR4T","W",0.42,45,46,"OFRA",4,"Turrumote"
"345","45OFR4T","CA",0.0424,45,46,"OFRA",4,"Turrumote"
"346","45OFR4T","CW",0.2326,45,46,"OFRA",4,"Turrumote"
"347","45OFR4T","CH",0.2362,45,46,"OFRA",4,"Turrumote"
"348","45OFR4T","A",0.1244,45,46,"OFRA",4,"Turrumote"
"349","45OFR5ML","H",0.4202,45,45,"OFRA",5,"Media Luna"
"350","45OFR5ML","CW",0.281,45,45,"OFRA",5,"Media Luna"
"351","45OFR5ML","CH",0.2824,45,45,"OFRA",5,"Media Luna"
"352","45OFR5ML","W",0.4516,45,45,"OFRA",5,"Media Luna"
"353","45OFR5ML","A",0.1456,45,45,"OFRA",5,"Media Luna"
"354","45OFR5ML","CA",0.0608,45,45,"OFRA",5,"Media Luna"
"355","45OFR5T","H",0.377,45,45,"OFRA",5,"Turrumote"
"356","45OFR5T","CW",0.306,45,45,"OFRA",5,"Turrumote"
"357","45OFR5T","W",0.4798,45,45,"OFRA",5,"Turrumote"
"358","45OFR5T","CH",0.2602,45,45,"OFRA",5,"Turrumote"
"359","45OFR5T","A",0.1456,45,45,"OFRA",5,"Turrumote"
"360","45OFR5T","CA",0.0652,45,45,"OFRA",5,"Turrumote"
"361","45OFR6T","W",0.4528,45,46,"OFRA",6,"Turrumote"
"362","45OFR6T","A",0.161,45,46,"OFRA",6,"Turrumote"
"363","45OFR6T","CW",0.265,45,46,"OFRA",6,"Turrumote"
"364","45OFR6T","H",0.4432,45,46,"OFRA",6,"Turrumote"
"365","45OFR6T","CA",0.0558,45,46,"OFRA",6,"Turrumote"
"366","45OFR6T","CH",0.2546,45,46,"OFRA",6,"Turrumote"
"367","45OFR7T","CA",0.0666,45,47,"OFRA",7,"Turrumote"
"368","45OFR7T","CW",0.2906,45,47,"OFRA",7,"Turrumote"
"369","45OFR7T","H",0.477,45,47,"OFRA",7,"Turrumote"
"370","45OFR7T","W",0.5468,45,47,"OFRA",7,"Turrumote"
"371","45OFR7T","CH",0.2786,45,47,"OFRA",7,"Turrumote"
"372","45OFR7T","A",0.214,45,47,"OFRA",7,"Turrumote"
"373","45OFR8T","H",0.4444,45,47,"OFRA",8,"Turrumote"
"374","45OFR8T","W",0.42,45,47,"OFRA",8,"Turrumote"
"375","45OFR8T","CW",0.2602,45,47,"OFRA",8,"Turrumote"
"376","45OFR8T","A",0.1438,45,47,"OFRA",8,"Turrumote"
"377","45OFR8T","CH",0.2688,45,47,"OFRA",8,"Turrumote"
"378","45OFR8T","CA",0.0558,45,47,"OFRA",8,"Turrumote"
"379","55OFA1ML","W",0.4156,55,54,"OFAV",1,"Media Luna"
"380","55OFA1ML","A",0.1248,55,54,"OFAV",1,"Media Luna"
"381","55OFA1ML","CA",0.048,55,54,"OFAV",1,"Media Luna"
"382","55OFA1ML","CW",0.2456,55,54,"OFAV",1,"Media Luna"
"383","55OFA1ML","H",0.3936,55,54,"OFAV",1,"Media Luna"
"384","55OFA1ML","CH",0.2538,55,54,"OFAV",1,"Media Luna"
"385","55OFA1T","W",0.4548,55,54,"OFAV",1,"Turrumote"
"386","55OFA1T","H",0.456,55,54,"OFAV",1,"Turrumote"
"387","55OFA1T","CH",0.2752,55,54,"OFAV",1,"Turrumote"
"388","55OFA1T","CA",0.0566,55,54,"OFAV",1,"Turrumote"
"389","55OFA1T","CW",0.2732,55,54,"OFAV",1,"Turrumote"
"390","55OFA1T","A",0.1636,55,54,"OFAV",1,"Turrumote"
"391","55OFA2ML","H",0.4458,55,59,"OFAV",2,"Media Luna"
"392","55OFA2ML","CH",0.2886,55,59,"OFAV",2,"Media Luna"
"393","55OFA2ML","A",0.1416,55,59,"OFAV",2,"Media Luna"
"394","55OFA2ML","CW",0.2704,55,59,"OFAV",2,"Media Luna"
"395","55OFA2ML","W",0.418,55,59,"OFAV",2,"Media Luna"
"396","55OFA2ML","CA",0.0606,55,59,"OFAV",2,"Media Luna"
"397","55OFA2T","H",0.4606,55,55,"OFAV",2,"Turrumote"
"398","55OFA2T","CA",0.0496,55,55,"OFAV",2,"Turrumote"
"399","55OFA2T","CW",0.2376,55,55,"OFAV",2,"Turrumote"
"400","55OFA2T","CH",0.272,55,55,"OFAV",2,"Turrumote"
"401","55OFA2T","W",0.3354,55,55,"OFAV",2,"Turrumote"
"402","55OFA2T","A",0.136,55,55,"OFAV",2,"Turrumote"
"403","55OFA3ML","W",0.3644,55,63,"OFAV",3,"Media Luna"
"404","55OFA3ML","CW",0.2248,55,63,"OFAV",3,"Media Luna"
"405","55OFA3ML","H",0.4308,55,63,"OFAV",3,"Media Luna"
"406","55OFA3ML","A",0.1194,55,63,"OFAV",3,"Media Luna"
"407","55OFA3ML","CH",0.2518,55,63,"OFAV",3,"Media Luna"
"408","55OFA3ML","CA",0.0434,55,63,"OFAV",3,"Media Luna"
"409","55OFA3T","H",0.5304,55,55,"OFAV",3,"Turrumote"
"410","55OFA3T","W",0.4178,55,55,"OFAV",3,"Turrumote"
"411","55OFA3T","CW",0.28,55,55,"OFAV",3,"Turrumote"
"412","55OFA3T","CH",0.3256,55,55,"OFAV",3,"Turrumote"
"413","55OFA3T","A",0.175,55,55,"OFAV",3,"Turrumote"
"414","55OFA3T","CA",0.0726,55,55,"OFAV",3,"Turrumote"
"415","55OFA4ML","A",0.1252,55,62,"OFAV",4,"Media Luna"
"416","55OFA4ML","H",0.4452,55,62,"OFAV",4,"Media Luna"
"417","55OFA4ML","CH",0.2578,55,62,"OFAV",4,"Media Luna"
"418","55OFA4ML","CA",0.0438,55,62,"OFAV",4,"Media Luna"
"419","55OFA4ML","CW",0.229,55,62,"OFAV",4,"Media Luna"
"420","55OFA4ML","W",0.341,55,62,"OFAV",4,"Media Luna"
"421","55OFA4T","H",0.5934,55,53,"OFAV",4,"Turrumote"
"422","55OFA4T","W",0.4054,55,53,"OFAV",4,"Turrumote"
"423","55OFA4T","CA",0.0894,55,53,"OFAV",4,"Turrumote"
"424","55OFA4T","CW",0.3024,55,53,"OFAV",4,"Turrumote"
"425","55OFA4T","CH",0.3768,55,53,"OFAV",4,"Turrumote"
"426","55OFA4T","A",0.1832,55,53,"OFAV",4,"Turrumote"
"427","55OFA5ML","H",0.4578,55,62,"OFAV",5,"Media Luna"
"428","55OFA5ML","CW",0.1974,55,62,"OFAV",5,"Media Luna"
"429","55OFA5ML","CH",0.2542,55,62,"OFAV",5,"Media Luna"
"430","55OFA5ML","A",0.1086,55,62,"OFAV",5,"Media Luna"
"431","55OFA5ML","W",0.3008,55,62,"OFAV",5,"Media Luna"
"432","55OFA5ML","CA",0.0392,55,62,"OFAV",5,"Media Luna"
"433","55OFA5T","H",0.4184,55,53,"OFAV",5,"Turrumote"
"434","55OFA5T","CW",0.273,55,53,"OFAV",5,"Turrumote"
"435","55OFA5T","CH",0.2882,55,53,"OFAV",5,"Turrumote"
"436","55OFA5T","W",0.394,55,53,"OFAV",5,"Turrumote"
"437","55OFA5T","A",0.1288,55,53,"OFAV",5,"Turrumote"
"438","55OFA5T","CA",0.0628,55,53,"OFAV",5,"Turrumote"
"439","55OFR1ML","H",0.5032,55,52,"OFRA",1,"Media Luna"
"440","55OFR1ML","A",0.172,55,52,"OFRA",1,"Media Luna"
"441","55OFR1ML","CW",0.268,55,52,"OFRA",1,"Media Luna"
"442","55OFR1ML","CH",0.2996,55,52,"OFRA",1,"Media Luna"
"443","55OFR1ML","CA",0.0602,55,52,"OFRA",1,"Media Luna"
"444","55OFR1ML","W",0.4162,55,52,"OFRA",1,"Media Luna"
"445","55OFR1T","H",0.402,55,53,"OFRA",1,"Turrumote"
"446","55OFR1T","CW",0.2552,55,53,"OFRA",1,"Turrumote"
"447","55OFR1T","W",0.3978,55,53,"OFRA",1,"Turrumote"
"448","55OFR1T","CA",0.0538,55,53,"OFRA",1,"Turrumote"
"449","55OFR1T","A",0.1302,55,53,"OFRA",1,"Turrumote"
"450","55OFR1T","CH",0.2576,55,53,"OFRA",1,"Turrumote"
"451","55OFR2ML","CW",0.3048,55,60,"OFRA",2,"Media Luna"
"452","55OFR2ML","W",0.5084,55,60,"OFRA",2,"Media Luna"
"453","55OFR2ML","H",0.429,55,60,"OFRA",2,"Media Luna"
"454","55OFR2ML","A",0.1808,55,60,"OFRA",2,"Media Luna"
"455","55OFR2ML","CH",0.2602,55,60,"OFRA",2,"Media Luna"
"456","55OFR2ML","CA",0.063,55,60,"OFRA",2,"Media Luna"
"457","55OFR2T","A",0.1908,55,53,"OFRA",2,"Turrumote"
"458","55OFR2T","CH",0.2432,55,53,"OFRA",2,"Turrumote"
"459","55OFR2T","CW",0.2522,55,53,"OFRA",2,"Turrumote"
"460","55OFR2T","W",0.4582,55,53,"OFRA",2,"Turrumote"
"461","55OFR2T","H",0.4694,55,53,"OFRA",2,"Turrumote"
"462","55OFR2T","CA",0.0512,55,53,"OFRA",2,"Turrumote"
"463","55OFR3ML","CH",0.2306,55,63,"OFRA",3,"Media Luna"
"464","55OFR3ML","CW",0.2046,55,63,"OFRA",3,"Media Luna"
"465","55OFR3ML","W",0.3902,55,63,"OFRA",3,"Media Luna"
"466","55OFR3ML","H",0.3784,55,63,"OFRA",3,"Media Luna"
"467","55OFR3ML","CA",0.0384,55,63,"OFRA",3,"Media Luna"
"468","55OFR3ML","A",0.1174,55,63,"OFRA",3,"Media Luna"
"469","55OFR3T","H",0.5108,55,52,"OFRA",3,"Turrumote"
"470","55OFR3T","A",0.1758,55,52,"OFRA",3,"Turrumote"
"471","55OFR3T","CW",0.2564,55,52,"OFRA",3,"Turrumote"
"472","55OFR3T","W",0.4296,55,52,"OFRA",3,"Turrumote"
"473","55OFR3T","CH",0.2896,55,52,"OFRA",3,"Turrumote"
"474","55OFR3T","CA",0.0598,55,52,"OFRA",3,"Turrumote"
"475","55OFR4ML","A",0.1544,55,60,"OFRA",4,"Media Luna"
"476","55OFR4ML","CW",0.2666,55,60,"OFRA",4,"Media Luna"
"477","55OFR4ML","W",0.4168,55,60,"OFRA",4,"Media Luna"
"478","55OFR4ML","CH",0.2788,55,60,"OFRA",4,"Media Luna"
"479","55OFR4ML","CA",0.0572,55,60,"OFRA",4,"Media Luna"
"480","55OFR4ML","H",0.4768,55,60,"OFRA",4,"Media Luna"
"481","55OFR4T","A",0.173,55,54,"OFRA",4,"Turrumote"
"482","55OFR4T","CW",0.2996,55,54,"OFRA",4,"Turrumote"
"483","55OFR4T","H",0.4466,55,54,"OFRA",4,"Turrumote"
"484","55OFR4T","CA",0.0674,55,54,"OFRA",4,"Turrumote"
"485","55OFR4T","CH",0.2834,55,54,"OFRA",4,"Turrumote"
"486","55OFR4T","W",0.4828,55,54,"OFRA",4,"Turrumote"
"487","55OFR5ML","CH",0.2972,55,64,"OFRA",5,"Media Luna"
"488","55OFR5ML","A",0.1802,55,64,"OFRA",5,"Media Luna"
"489","55OFR5ML","CA",0.063,55,64,"OFRA",5,"Media Luna"
"490","55OFR5ML","H",0.4846,55,64,"OFRA",5,"Media Luna"
"491","55OFR5ML","CW",0.278,55,64,"OFRA",5,"Media Luna"
"492","55OFR5ML","W",0.4584,55,64,"OFRA",5,"Media Luna"
"493","55OFR5T","CH",0.2616,55,55,"OFRA",5,"Turrumote"
"494","55OFR5T","CA",0.0538,55,55,"OFRA",5,"Turrumote"
"495","55OFR5T","H",0.4334,55,55,"OFRA",5,"Turrumote"
"496","55OFR5T","A",0.1606,55,55,"OFRA",5,"Turrumote"
"497","55OFR5T","CW",0.2718,55,55,"OFRA",5,"Turrumote"
"498","55OFR5T","W",0.444,55,55,"OFRA",5,"Turrumote"
